1307,1307
873,873
883,883
483,483
1041,1041
918,918
1222,1222
1199,1199
1517,1517
2460,2460
2194,2194
2527,2527
2266,2266
2397,2397
2595,2595
3104,3104
3285,3285
3363,3363
2645,2645
2538,2538
1869,1869
1639,1639
1856,1856
2221,2221
1407,1407
822,822
747,747
592,592
679.5759254,1158
2000,2000
2148,2148
1711,1711
1777,1777
1746,1746
2284,2284
2228.815978,2885
2419,2419
2405,2405
2812,2812
3072,3072
2816,2816
3381,3381
2229,2229
2350,2350
2243,2243
1833,1833
1231,1231
1250,1250
848,848
885,885
986,986
1001,1001
1119.421693,1600
1831,1831
1874,1874
2552,2552
3338,3338
2928,2928
2118,2118
2390,2390
2428,2428
2183,2183
3968,3968
3139,3139
3113,3113
3357,3357
2423,2423
1798,1798
2509,2509
3304,3304
3029,3029
2203,2203
635,635
364,364
247,247
232,232
411,411
704,704
902.4334916,1591
1861,1861
2001,2001
2066,2066
2117,2117
2280,2280
2342,2342
2205,2205
2804,2804
2669.04609,3115
3518,3518
3285.159268,3343
2368,2368
1757,1757
1421,1421
1225,1225
934,934
743,743
184,184
145,145
135,135
189,189
427,427
745,745
1050,1050
1304,1304
1291,1291
1573,1573
1610,1610
1754,1754
1882,1882
2157,2157
2605,2605
2505.740414,3146
3752,3752
3518,3518
2285,2285
1402,1402
1011,1011
811,811
612,612
375,375
169,169
126,126
338.8719024,133
196,196
410,410
752,752
1467,1467
1398,1398
1493,1493
1556,1556
1591,1591
1751,1751
1855,1855
2145,2145
2568,2568
3390,3390
3711,3711
3536,3536
2492,2492
1455,1455
1006,1006
788,788
576,576
372,372
197,197
155,155
141,141
193,193
385,385
677,677
982,982
1227,1227
1284.450361,1393
1481,1481
1637,1637
1819,1819
1985,1985
1955.316882,2191
2602,2602
3151,3151
3245,3245
3098,3098
2342,2342
1604,1604
1055,1055
834,834
685,685
392,392
277,277
205,205
181,181
340.2935292,246
1832,1832
1992,1992
862,862
1032,1032
1538,1538
2002,2002
1736,1736
1951,1951
2102,2102
2259,2259
2518,2518
2714,2714
2930,2930
3063,3063
2491,2491
2403.222771,1568
1188,1188
1005,1005
806,806
514,514
338,338
894,894
658,658
486,486
560,560
809,809
1581,1581
1583,1583
2693,2693
1458,1458
1568,1568
1582.609547,1958
2290,2290
2412,2412
2455,2455
2562,2562
2713,2713
2590.101049,2633
2044,2044
1294,1294
1345.952518,1092
913,913
735,735
1215,1215
613,613
360,360
520.991006,426
451,451
693,693
1109,1109
1493,1493
2411,2411
2259,2259
1606,1606
1537,1537
1652,1652
1732,1732
2010,2010
2440,2440
3108,3108
3595,3595
3310,3310
3119.537136,2244
1419,1419
905,905
763,763
532,532
337,337
503.6684465,189
155,155
191,191
1464,1464
1333,1333
920,920
1249,1249
1522,1522
1821,1821
2488,2488
1570,1570
1375,1375
853,853
2304,2304
2592,2592
3427,3427
3847,3847
3476,3476
2450,2450
1517,1517
1000,1000
699,699
582,582
328,328
184,184
113,113
136,136
170,170
398,398
766,766
1086,1086
1542,1542
1947,1947
1519,1519
1575,1575
1583.301101,1741
1834,1834
2112,2112
2665,2665
3407,3407
3771,3771
3671,3671
2485,2485
1437,1437
1102,1102
794,794
564,564
455,455
1472,1472
1498,1498
1166,1166
930,930
1224,1224
1919,1919
1745,1745
2109,2109
3039,3039
1821,1821
1725,1725
1715.936192,1755
1969,1969
2133,2133
2713,2713
3409,3409
3921,3921
3641.961109,3823
2654,2654
1577,1577
1025,1025
797,797
1313,1313
2251,2251
2078,2078
1060,1060
1330,1330
1062,1062
1403,1403
1218,1218
1546,1546
1787,1787
3104,3104
2175,2175
1809,1809
1927,1927
2047,2047
2520,2520
3003,3003
3472,3472
4104,4104
3848,3848
2947,2947
1859,1859
1284,1284
1343.008305,892
719,719
751,751
1562,1562
726,726
797,797
719,719
1130,1130
1754,1754
2166,2166
2759,2759
2680,2680
2239,2239
1856,1856
2045,2045
1997.794487,2266
2339,2339
2251.450496,2634
2592,2592
2810,2810
3104,3104
2543,2543
1615,1615
1203,1203
1275.114114,940
750,750
1656,1656
1012,1012
1033,1033
1000,1000
1720,1720
1718.634722,1089
1717.466059,962
1763,1763
1155,1155
2111,2111
1734,1734
1633,1633
1977,1977
2235,2235
2201,2201
2131.052861,2450
2601,2601
2474.7783,2748
2895,2895
2497,2497
2386.962785,1680
1285,1285
1049,1049
681,681
528,528
1620,1620
1634.068933,1118
1596,1596
1034,1034
1372,1372
2040,2040
2419,2419
3416,3416
3022,3022
2354,2354
1793,1793
2040,2040
2444,2444
2585,2585
2882,2882
3591,3591
3951,3951
3770,3770
2698,2698
1603,1603
1199,1199
855,855
1147,1147
1616,1616
796,796
1408,1408
152,152
1200,1200
1231,1231
1827,1827
2566,2566
3396,3396
3474,3474
2290,2290
2208.680924,3140
1722,1722
1799,1799
2091,2091
2039.636625,2531
3486,3486
3762,3762
3468.103235,3781
2482,2482
1416,1416
970,970
1259,1259
1944,1944
1916.134241,1231
2117,2117
2348,2348
981,981
927,927
1575,1575
2541,2541
3079,3079
3225,3225
3423,3423
2502,2502
2690,2690
1764,1764
1861,1861
2184,2184
2120.688578,2666
3083,3083
3830,3830
3732,3732
2794,2794
1588,1588
1102,1102
1062,1062
2040,2040
2650,2650
887,887
1096,1096
1643,1643
2076,2076
2601,2601
3315,3315
2401,2401
1887,1887
2911,2911
2774,2774
2351,2351
1865,1865
1952,1952
2169,2169
2807,2807
3445,3445
3818,3818
3965,3965
2903,2903
1642,1642
1075,1075
857,857
688,688
427,427
1756,1756
2345,2345
1152,1152
1090,1090
1934,1934
2519,2519
2727,2727
2576.034936,2870
3084,3084
1869,1869
1793,1793
1815,1815
2210,2210
2471,2471
2984,2984
3782,3782
3715,3715
4196,4196
3156,3156
1972,1972
1245,1245
979,979
814,814
464,464
320,320
214,214
217,217
1515,1515
1350,1350
1485,1485
1096,1096
1931,1931
1939,1939
1481,1481
1535.498175,1718
1993,1993
2449,2449
2316,2316
2568,2568
2966,2966
3158,3158
2949,2949
2563,2563
1722,1722
832,832
696,696
1472,1472
561,561
383,383
365,365
208,208
464.999976,914
1640,1640
1244,1244
1746,1746
1755.727625,1192
1763.850136,1893
1747,1747
1854,1854
2231,2231
2332,2332
2391,2391
2295.935558,2631
2733,2733
2957,2957
2766,2766
2456,2456
1808,1808
1383,1383
1090,1090
671,671
399,399
256,256
503.6582306,179
788,788
1836,1836
1029,1029
1687,1687
1838,1838
2938,2938
2753.424467,3086
1806,1806
1633,1633
1737,1737
1811,1811
2018,2018
2527,2527
3279,3279
3429,3429
3609,3609
2468,2468
1455,1455
1032,1032
772,772
510,510
330,330
179,179
439.6238706,165
172,172
1098,1098
1223,1223
1347,1347
1865,1865
2594,2594
3182,3182
2141,2141
1992,1992
1615,1615
1830,1830
2025,2025
2582,2582
3279,3279
4054,4054
3697.962264,3862
2653,2653
1648,1648
985,985
827,827
620,620
333,333
210,210
1081,1081
1088,1088
1297,1297
1467,1467
1738,1738
1273,1273
2056,2056
2406,2406
1838,1838
1612,1612
1795,1795
1901,1901
2146,2146
2683,2683
3433,3433
4016,4016
3888,3888
2788,2788
123,123
504,504
1,1
229,229
462,462
381,381
2043,2043
2442,2442
1044,1044
1036,1036
1614,1614
2441,2441
2333.1929,3297
3423,3423
1820,1820
1754,1754
1751,1751
2013,2013
2296,2296
2868,2868
3529,3529
4056,4056
3684.302791,3915
3374.588824,3095
1682,1682
1222,1222
911,911
653,653
847.5701034,419
378,378
1190,1190
802,802
1497,1497
1764,1764
2416,2416
3118,3118
3701,3701
3041,3041
1621,1621
1829,1829
1825.964775,1927
2060,2060
2329,2329
3040,3040
2832.608116,3910
3992,3992
4067,4067
3199,3199
2002,2002
1403,1403
963,963
980,980
1169,1169
1517,1517
1065,1065
2218,2218
1042,1042
1170,1170
1280.738249,1321
1296,1296
1608,1608
2535,2535
2074,2074
2158,2158
2170,2170
2266,2266
2277,2277
2490,2490
3127,3127
3229,3229
3480,3480
3223,3223
2142,2142
1537,1537
1218,1218
994,994
1135.927039,1001
1922,1922
971,971
904,904
1298,1298
2158,2158
2100.396153,2052
1424,1424
2655,2655
3064,3064
2187,2187
2110,2110
2195,2195
2218,2218
2598,2598
2676,2676
2753,2753
2572,2572
2428,2428
2193,2193
2141,2141
1432,1432
1010,1010
692,692
888.1570782,475
1404,1404
1042,1042
1155,1155
1786,1786
1802,1802
1806.301692,1892
2346,2346
2722,2722
3487,3487
1968,1968
1585,1585
1696,1696
1812,1812
2049,2049
2647,2647
3384,3384
3826,3826
3545,3545
2463,2463
1474,1474
1537.732101,1070
775,775
521,521
324,324
252,252
301,301
1371,1371
718,718
1291,1291
2150,2150
3233,3233
3753,3753
2665,2665
2353,2353
1544,1544
1673,1673
1873,1873
2196,2196
2688,2688
3366,3366
4026,4026
3932,3932
3095,3095
1787,1787
1090,1090
913,913
1694,1694
2238,2238
751,751
954,954
1943,1943
1159,1159
480,480
1156,1156
1514,1514
1380,1380
1660,1660
3090,3090
1850,1850
1617,1617
2040,2040
2193,2193
2800,2800
3459,3459
4072,4072
3914,3914
2823,2823
2650.599714,1693
1129,1129
1256.932234,1576
1078,1078
1375,1375
588,588
565,565
526,526
564,564
835,835
1299,1299
1701,1701
2122,2122
2071.434545,2103
2285,2285
2329,2329
2394,2394
2591,2591
2925,2925
3166,3166
3648,3648
3333.854576,4049
3906,3906
3131,3131
2245,2245
1690,1690
1376,1376
1459.076841,1025
806,806
1265,1265
948,948
950,950
1521,1521
2883,2883
2797,2797
1842,1842
2575,2575
2446.844975,3420
2156,2156
1817,1817
1822.804807,1986
2183,2183
2520,2520
3116,3116
1225,1225
2741,2741
4814,4814
4018,4018
2235,2235
1424,1424
988,988
851,851
1033.990651,575
730,730
474,474
581,581
545,545
1302,1302
1608,1608
1250,1250
1726,1726
2248,2248
1844,1844
1837,1837
2069,2069
2028.961709,2276
1996.231905,2340
2552,2552
2844,2844
3048,3048
3137,3137
2661,2661
1739,1739
1235,1235
991,991
882,882
738,738
671,671
761,761
686,686
1000,1000
1343,1343
1230,1230
1340.331428,1628
1509,1509
2450,2450
1647,1647
1999,1999
3041,3041
3065,3065
3431,3431
3367,3367
3322,3322
3651,3651
3332.463817,3562
3136,3136
2518,2518
2125,2125
1867,1867
1212,1212
851,851
1029.644759,248
160,160
172,172
350,350
1429,1429
1953,1953
2280,2280
3311,3311
2743,2743
1892,1892
1429,1429
1796,1796
1835,1835
1838.058056,2136
2653,2653
3283,3283
3747,3747
3902,3902
2677,2677
1618,1618
1051,1051
783,783
546,546
337,337
188,188
132,132
137,137
435.7650307,184
839,839
2880,2880
2179,2179
2041,2041
2427,2427
1753,1753
1709,1709
1776,1776
2075,2075
2445,2445
2860,2860
3474,3474
3187.642275,3870
3741,3741
3106,3106
1787,1787
1185,1185
844,844
630,630
369,369
630.079866,188
164,164
173,173
168,168
459.8550016,424
899,899
1214,1214
1486,1486
1859,1859
1764,1764
1750,1750
1378,1378
2287,2287
2222,2222
2859,2859
3500,3500
3212.226862,4172
2974.736213,3975
3059,3059
1855,1855
1171,1171
929,929
644,644
433,433
218,218
152,152
155,155
444.189084,215
471,471
843,843
1184,1184
1459,1459
1543,1543
1599,1599
1637,1637
1956,1956
1934.935217,2057
2353,2353
2966,2966
3844,3844
4348,4348
3925.747349,4116
3413,3413
2152,2152
1348,1348
1004,1004
706,706
429,429
668.1441244,256
196,196
142,142
709,709
1390,1390
1496,1496
1624,1624
1986,1986
1960.190905,2425
1760,1760
1876,1876
1892,1892
2270,2270
2582,2582
3316,3316
3906,3906
4137,4137
4066,4066
3389,3389
2247,2247
1508,1508
1037,1037
937,937
552,552
351,351
224,224
222,222
172,172
283,283
1524,1524
2738,2738
2213,2213
1761,1761
1764,1764
1832,1832
2128,2128
1946,1946
1927.484154,2309
2968,2968
3101,3101
3412,3412
3151.46222,3580
3378,3378
2610,2610
2482.721854,1699
1394,1394
1109,1109
712,712
434,434
666.4930992,275
253,253
227,227
216,216
260,260
480,480
1510,1510
1037,1037
1524,1524
1929,1929
1912.63175,2333
2583,2583
2685,2685
2544.574116,2988
2427.357883,2942
2721,2721
2558,2558
2516,2516
2192,2192
1894,1894
1252,1252
752,752
447,447
242,242
163,163
149,149
188,188
654,654
2244,2244
2222,2222
1943,1943
1939,1939
2389,2389
1726,1726
1751,1751
2014,2014
1983.241762,2312
2814,2814
3619,3619
3327.461428,4001
3969,3969
2802,2802
1675,1675
1186,1186
964,964
717,717
899.220687,420
701,701
1976,1976
2063,2063
2024.566077,1276
1187,1187
1292.644767,1361
2217,2217
3315,3315
3435,3435
2436,2436
1725,1725
1742.715935,1866
1933,1933
2174,2174
2913,2913
3331,3331
4243,4243
4084,4084
2949,2949
1593,1593
1180,1180
1288.917466,1491
1576,1576
1790,1790
2126,2126
2455,2455
537,537
165,165
372,372
734,734
1074,1074
1289,1289
1498,1498
2124,2124
1499,1499
1849,1849
2013,2013
2359,2359
2881,2881
3878,3878
4330,4330
4059,4059
3231,3231
1905,1905
1332,1332
927,927
733,733
411,411
197,197
165,165
149,149
423.6146909,475
509,509
1786,1786
2156,2156
2440,2440
2183,2183
1969,1969
1708,1708
1865,1865
2094,2094
2385,2385
3027,3027
3815,3815
3493.030519,4282
4256,4256
3378,3378
2082,2082
1390,1390
1052,1052
746,746
450,450
313,313
1566,1566
1302,1302
985,985
1243,1243
2180,2180
3331,3331
3064,3064
3253,3253
2141,2141
1936,1936
2089,2089
2174,2174
2824,2824
3468,3468
3878,3878
3547.349924,4250
4142,4142
3519,3519
2288,2288
1670,1670
1192,1192
896,896
589,589
793.4084218,455
1503,1503
1065,1065
1030,1030
1704,1704
2259,2259
2428,2428
2924,2924
2748.202069,2982
2329,2329
2158,2158
2315,2315
2313,2313
2527,2527
2723,2723
2580.638066,3036
3664,3664
3716,3716
3356,3356
3113.181606,2948
1917,1917
1559,1559
1087,1087
696,696
883.6600011,380
277,277
859,859
1143,1143
1377,1377
1857,1857
1834,1834
2049,2049
2026,2026
1605,1605
2113,2113
2364,2364
2637,2637
2705,2705
2865,2865
3356,3356
3354,3354
3522,3522
2900,2900
2155,2155
1573,1573
1343,1343
1425.950743,2744
1966,1966
1189,1189
1789,1789
1883,1883
1575,1575
2138,2138
2870,2870
2891,2891
1206,1206
1240,1240
3065,3065
2060,2060
2460,2460
2581,2581
2932,2932
3386,3386
3676,3676
4007,4007
3763,3763
2810,2810
2184,2184
2739,2739
1737,1737
2053,2053
2731,2731
2381,2381
372,372
361,361
179,179
373,373
797,797
1293,1293
1386.434478,1910
1690,1690
2688,2688
1804,1804
1823,1823
2022,2022
2370,2370
2661,2661
3586,3586
4079,4079
3801,3801
3142,3142
2933.783115,2148
1843,1843
1471,1471
2032,2032
2005.214414,2512
2220,2220
2290,2290
431,431
199,199
364,364
3131,3131
1750,1750
1388,1388
2098,2098
2411,2411
1817,1817
1929,1929
2015,2015
2378,2378
3043,3043
2845.195254,3435
2680.837206,4500
4172,4172
3170,3170
1730,1730
1754.233776,1221
1599,1599
919,919
804,804
657,657
1006,1006
1345,1345
1582,1582
686,686
757,757
944.6969111,1462
1100.531966,1241
2223,2223
2033,2033
1724,1724
1854,1854
1856.014048,2005
1857.684855,2190
3051,3051
3922,3922
4172,4172
4177,4177
2921,2921
1862,1862
1187,1187
935,935
703,703
929,929
639,639
846.4204984,537
482,482
529,529
822,822
1228,1228
1619,1619
1932,1932
2042,2042
2178,2178
2448,2448
2764,2764
2929,2929
2827,2827
3376,3376
3889,3889
4071,4071
3923,3923
3359,3359
2672,2672
2010,2010
1514,1514
1421,1421
995,995
808,808
641,641
566,566
782.2101379,548
681,681
893,893
1106,1106
1556,1556
1949,1949
2406,2406
2762,2762
2614.248488,2626
2491.042242,2788
3068,3068
3159,3159
3406,3406
3854,3854
3900,3900
3132,3132
2500,2500
1996,1996
1765,1765
1783.519631,1565
1077,1077
405,405
307,307
329,329
1289,1289
759,759
930,930
1313,1313
2157,2157
1965,1965
1641,1641
2074,2074
2162,2162
2535,2535
2816,2816
2859,2859
2937,2937
3150,3150
2942,2942
2635,2635
1943,1943
1473,1473
1205,1205
805,805
980.0504635,445
235,235
219,219
163,163
205,205
1286,1286
1086,1086
1677,1677
2238,2238
2172,2172
2122.570998,1639
1565,1565
1847,1847
1850.596729,1939
2282,2282
2736,2736
3516,3516
3673,3673
3839,3839
3055,3055
1706,1706
1090,1090
888,888
573,573
396,396
233,233
163,163
146,146
216,216
413,413
875,875
1337,1337
1641,1641
1554,1554
1729,1729
1686,1686
1807,1807
1922,1922
1912.623597,2233
2905,2905
3681,3681
4194,4194
4174,4174
3807.651264,3231
1777,1777
1264,1264
922,922
661,661
855.1298915,382
219,219
482.9796129,138
160,160
222,222
405,405
637.2581144,876
832.3665281,1362
1478,1478
1511,1511
1721,1721
1608,1608
1787,1787
2068,2068
2428,2428
2916,2916
3567,3567
3296.154503,4264
4032,4032
3075,3075
1768,1768
1197,1197
1825,1825
1304,1304
2013,2013
1727,1727
240,240
126,126
568,568
499,499
800,800
1117,1117
1510,1510
1858,1858
2775,2775
2628.563045,3029
4128,4128
2941,2941
2805,2805
3342,3342
3838,3838
4520,4520
3893,3893
2831,2831
2778,2778
2982,2982
3202,3202
2483,2483
1051,1051
599,599
524,524
518,518
580,580
832,832
928,928
1639,1639
2030,2030
2154,2154
2327,2327
2512,2512
2534,2534
2851,2851
3259,3259
3385,3385
3821,3821
4109,4109
3990,3990
3287,3287
2639,2639
2025,2025
2001.584576,1630
1466,1466
1036,1036
798,798
603,603
625,625
571,571
697,697
836,836
998.0796727,1159
1514,1514
2098,2098
2062.264917,2558
2753,2753
2793,2793
3062,3062
2990,2990
3237,3237
3375,3375
3141.284835,3609
2944.11471,3615
3208,3208
2809,2809
2185,2185
1994,1994
1845,1845
1295,1295
1172,1172
1226,1226
1345,1345
1427.890347,2291
1497.812538,2022
488,488
1000,1000
803,803
2690,2690
1834,1834
2215,2215
2368,2368
2444,2444
2691,2691
2788,2788
2915,2915
3063,3063
2899,2899
2556,2556
1989,1989
1481,1481
1200,1200
787,787
1583,1583
718,718
529,529
553,553
607,607
860,860
1018.490665,1328
1779,1779
1788,1788
1878,1878
1946,1946
2315,2315
2519,2519
2432,2432
2625,2625
3009,3009
3513,3513
3258.014463,3826
3823,3823
3014,3014
2126,2126
1654,1654
1331,1331
988,988
1126.971688,722
218,218
514,514
902,902
416,416
908,908
1705,1705
3027,3027
3299,3299
2288,2288
1777,1777
1693,1693
1722,1722
2007,2007
2235,2235
2853,2853
3565,3565
3757,3757
4136,4136
3786.808168,3101
1875,1875
1193,1193
930,930
640,640
379,379
193,193
141,141
933,933
1422,1422
1710,1710
1735.757709,1409
1876,1876
2178,2178
1844,1844
1508,1508
1678,1678
1786,1786
1996,1996
2342,2342
3158,3158
3843,3843
4231,4231
3980,3980
3134,3134
1928,1928
1240,1240
984,984
651,651
450,450
1461,1461
1041,1041
1171,1171
1280.757238,1814
937,937
1765,1765
3417,3417
2629,2629
1814,1814
1688,1688
1717.626854,1707
1874,1874
1874.480429,2035
2446,2446
3252,3252
3789,3789
4112,4112
3766.127611,4172
3379,3379
2069,2069
1437,1437
926,926
702,702
456,456
365,365
1251,1251
754,754
758,758
882,882
1972,1972
3219,3219
2510,2510
2236,2236
2084,2084
1810,1810
2098,2098
2222,2222
2629,2629
3407,3407
3824,3824
4145,4145
4129,4129
3430,3430
2136,2136
1492,1492
1110,1110
914,914
590,590
404,404
261,261
1235,1235
1424,1424
871,871
1367,1367
2240,2240
2184.0348,2896
2136.803087,1961
1846,1846
1902,1902
2235,2235
2179.883394,2426
2133.369698,2362
2749,2749
3030,3030
3281,3281
3367,3367
3058,3058
2100,2100
2066.568557,1556
1441,1441
1044,1044
672,672
859.8413402,432
269,269
1067,1067
2166,2166
2944,2944
2806,2806
2942,2942
1500,1500
1455,1455
2027,2027
2422,2422
2667,2667
2588,2588
2834,2834
2940,2940
3025,3025
2956,2956
2592,2592
2100,2100
1857,1857
1410,1410
893,893
516,516
335,335
196,196
965,965
1555,1555
1926,1926
1335,1335
1773,1773
2713,2713
2972,2972
2027,2027
1677,1677
1852,1852
2014,2014
2119,2119
2805,2805
3531,3531
3919,3919
3919,3919
2865,2865
1822,1822
1326,1326
890,890
619,619
436,436
660.8811382,410
248,248
154,154
207,207
419,419
832,832
1274,1274
1367.657314,1472
1543,1543
1560,1560
1621,1621
1813,1813
1939,1939
2222,2222
2951,2951
3558,3558
4027,4027
4025,4025
2870,2870
1831,1831
1288,1288
1002,1002
748,748
460,460
223,223
155,155
125,125
211,211
408,408
888,888
1039.029106,1197
1514,1514
1687,1687
1691,1691
1792,1792
1767,1767
2001,2001
2264,2264
2204.666225,3019
3828,3828
3929,3929
3912,3912
3603.309532,3421
1944,1944
1459,1459
1019,1019
777,777
471,471
284,284
166,166
426.0541834,160
196,196
513,513
866,866
1211,1211
1595,1595
2100,2100
1703,1703
1655,1655
1730,1730
2074,2074
2297,2297
2411,2411
2329.245781,3335
4128,4128
4321,4321
3574,3574
2190,2190
1611,1611
1022,1022
933,933
514,514
310,310
201,201
206,206
192,192
513,513
857,857
1220,1220
1318.445062,1556
1763,1763
1779.202729,1676
1792.943518,1897
2120,2120
2244,2244
2453,2453
3415,3415
4151,4151
4437,4437
4053.640965,3475
3984,3984
2307,2307
1784,1784
948,948
989,989
1122.681553,662
1236.144151,383
251,251
244,244
208,208
314,314
462,462
557,557
753.5523172,921
1559,1559
2141,2141
2079,2079
2077,2077
2284,2284
2221.789254,2368
2514,2514
2584,2584
2611,2611
2715,2715
2217,2217
1776,1776
1618,1618
1344,1344
1203,1203
852,852
529,529
328,328
268,268
277,277
293,293
502,502
732,732
1480,1480
2003,2003
1724,1724
2209,2209
2120,2120
2549,2549
2553,2553
2907,2907
2868,2868
3407,3407
3340,3340
2760,2760
2161,2161
1874,1874
1363,1363
907,907
495,495
336,336
201,201
196,196
683,683
2021,2021
1570,1570
1466,1466
2089,2089
2458,2458
1642,1642
1621,1621
1973,1973
2004,2004
2208,2208
2873,2873
3565,3565
4000,4000
4092,4092
2862,2862
1829,1829
1355,1355
924,924
666,666
423,423
217,217
173,173
423.0195968,141
187,187
453,453
858,858
1261,1261
1531,1531
1567,1567
1687,1687
1656,1656
1686.31365,1852
1945,1945
2250,2250
2324,2324
3153,3153
4024,4024
3706.587551,3876
3189,3189
1851,1851
1484,1484
946,946
1081.676497,747
1197.246406,453
244,244
150,150
160,160
216,216
404,404
1484,1484
1539.277258,2130
1586.384638,2200
3222,3222
2064,2064
1716,1716
1885,1885
2090,2090
2363,2363
3084,3084
4008,4008
4426,4426
4163,4163
3404,3404
2077,2077
1473,1473
1018,1018
784,784
455,455
246,246
195,195
287,287
1479,1479
1104,1104
1376,1376
1712,1712
2417,2417
2771,2771
2152,2152
1719,1719
1905,1905
1988,1988
2386,2386
3152,3152
4056,4056
3734.157299,4318
3459.680234,3996
3463,3463
2344,2344
1539,1539
1081,1081
869,869
478,478
770,770
2020,2020
850,850
999.5377217,635
1025,1025
1388,1388
2131,2131
2051,2051
2023.038365,2775
2287,2287
1921,1921
2127,2127
2187,2187
2600,2600
3221,3221
4179,4179
3889,3889
4215,4215
3444,3444
2329,2329
1851,1851
1107,1107
1168,1168
679,679
645,645
1413,1413
953,953
749,749
913.1656041,830
1308,1308
1389.870581,2069
2802,2802
3119,3119
1948,1948
1935.707218,2029
2077,2077
2317,2317
2429,2429
2714,2714
2741,2741
3266,3266
3029,3029
3286,3286
2442,2442
1892,1892
1888.549813,1684
1328,1328
1407.85145,845
511,511
291,291
1012,1012
796,796
1159,1159
1280,1280
1726,1726
1881,1881
2015,2015
2069,2069
2224,2224
2618,2618
2506.949972,2778
2969,2969
2806.438116,3100
3057,3057
3137,3137
2861,2861
2427,2427
1864,1864
1387,1387
1458.055898,1209
859,859
485,485
1463,1463
2326,2326
1209,1209
1033,1033
1114,1114
1225.256268,1991
3053,3053
1931,1931
2139,2139
2236,2236
1561,1561
1897,1897
1875,1875
2246,2246
2642,2642
3318,3318
3710,3710
3676,3676
2267,2267
1567,1567
1155,1155
941,941
624,624
397,397
200,200
256,256
1949,1949
1190,1190
1338,1338
1497,1497
1789,1789
1800.418627,2025
2240,2240
2092,2092
1750,1750
1725,1725
1863,1863
2252,2252
2885,2885
3765,3765
4172,4172
4158,4158
3000,3000
1803,1803
1379,1379
928,928
713,713
401,401
474,474
1727,1727
849,849
695,695
1147,1147
1254.216534,1669
2146,2146
2975,2975
2436,2436
2389,2389
2289,2289
1961,1961
2255,2255
2769,2769
3643,3643
3956,3956
4364,4364
4178,4178
3324,3324
1933,1933
1443,1443
984,984
801,801
1409,1409
1233,1233
1362,1362
588,588
1183,1183
1237,1237
1288,1288
1898,1898
2810,2810
3786,3786
2855,2855
1804,1804
1962,1962
2061,2061
2465,2465
3046,3046
3880,3880
4078,4078
4178,4178
3133,3133
2125,2125
1469,1469
1071,1071
909,909
518,518
719.6667128,334
411,411
946,946
1630,1630
1078,1078
1368,1368
1650,1650
2504,2504
2573,2573
1686,1686
1979,1979
2107,2107
2266,2266
2629,2629
3365,3365
3859,3859
4311,4311
3573,3573
3643,3643
2230,2230
1673,1673
1067,1067
1128,1128
665,665
440,440
261,261
1091,1091
1083,1083
898,898
1042,1042
1183,1183
1891,1891
2519,2519
1844,1844
2086,2086
2054.290097,2275
2457,2457
2461,2461
2641,2641
2526.953518,2854
2429.905535,3186
3265,3265
2869,2869
2182,2182
1927,1927
1634,1634
1669.945337,1296
763,763
928.3886778,459
334,334
214,214
228,228
381,381
1967,1967
2542,2542
1926,1926
1975,1975
1880,1880
1878.815474,2311
2411,2411
2708,2708
2986,2986
3063,3063
3074,3074
2984,2984
2992,2992
2591,2591
2033,2033
1685,1685
1383,1383
889,889
1035.445004,616
1151,1151
586,586
582,582
519,519
1911,1911
1905.265342,2535
1791,1791
2601,2601
2635,2635
2280,2280
2219.467225,1844
1921,1921
1978,1978
2182,2182
2879,2879
3609,3609
3890,3890
3733,3733
2714,2714
1625,1625
1245,1245
1338.946748,975
611,611
402,402
620.5476668,1399
666,666
680,680
1581,1581
964,964
1356,1356
1573,1573
2268,2268
2796,2796
2019,2019
1853,1853
1828,1828
1567,1567
2409,2409
2975,2975
3747,3747
4080,4080
4112,4112
2927,2927
1877,1877
1336,1336
986,986
1118.367052,723
428,428
260,260
152,152
406.7516939,142
802,802
1063,1063
1182,1182
1658,1658
1689.732882,2825
2130,2130
1605,1605
1652,1652
1964,1964
1950.352144,2009
2344,2344
3137,3137
3864,3864
4129,4129
4161,4161
3117,3117
2063,2063
1709,1709
1065,1065
892,892
441,441
283,283
166,166
163,163
212,212
496,496
697.9842057,918
1227,1227
1541,1541
1455,1455
1699,1699
1828,1828
1820,1820
2032,2032
2566,2566
3487,3487
3889,3889
4363,4363
4147,4147
3502,3502
2245,2245
1720,1720
1742.706259,1072
948,948
524,524
283,283
216,216
172,172
268,268
452,452
842,842
1219,1219
1415,1415
1439,1439
1639,1639
2030,2030
1992,1992
1974.102419,2072
2421,2421
3323,3323
4223,4223
4231,4231
4011,4011
3192,3192
2212,2212
1832,1832
974,974
1027,1027
704,704
381,381
251,251
257,257
229,229
466.1340255,675
1370,1370
1357,1357
1907,1907
2350,2350
1815,1815
1984,1984
2151,2151
2357,2357
2449,2449
2708,2708
3092,3092
2915.19033,3354
3425,3425
3013,3013
2380,2380
1969,1969
1615,1615
1280,1280
797,797
607,607
1444,1444
1505.854627,808
590,590
827,827
1626,1626
2957,2957
1286,1286
2429,2429
2347.357102,2473
2472,2472
2110,2110
2762,2762
2898,2898
2954,2954
3171,3171
2981.801275,3199
3054,3054
2608,2608
2272,2272
1744,1744
2180,2180
1607,1607
2782,2782
705,705
581,581
583,583
598,598
939,939
1391,1391
1461.461217,1712
2013,2013
2084,2084
2209,2209
2304,2304
2401,2401
2650,2650
2843,2843
2933,2933
2777.842494,3516
3683,3683
3661,3661
2629,2629
2041,2041
1727,1727
1364,1364
1048,1048
896,896
1131,1131
1091,1091
140,140
393.106069,183
361,361
755,755
1836,1836
1841.178167,1326
1845.596428,2679
1849.366302,1976
1852.58294,2286
1855.327531,1755
1986,1986
2315,2315
2967,2967
3746,3746
3940,3940
4172,4172
3095,3095
1813,1813
1325,1325
1254,1254
1351,1351
1565,1565
2472,2472
917,917
138,138
179,179
447,447
655.4043829,1772
2048,2048
2022.111972,3019
2167,2167
1677,1677
1792,1792
1804,1804
2063,2063
2440,2440
3060,3060
3960,3960
4240,4240
4283,4283
3326,3326
2054,2054
1436,1436
1059,1059
785,785
471,471
256,256
185,185
166,166
260,260
538,538
1479,1479
2783,2783
3548,3548
3164,3164
1695,1695
1794,1794
1965,1965
1928,1928
2484,2484
3106,3106
3448,3448
3681,3681
3417.65888,3897
2947,2947
1985,1985
1366,1366
1039,1039
836,836
476,476
680.0128054,288
231,231
177,177
235,235
418,418
770,770
1137,1137
1481,1481
1571,1571
1853,1853
2051,2051
2152,2152
2402,2402
2699,2699
3464,3464
3832,3832
4044,4044
4216,4216
3166,3166
2299,2299
1725,1725
1409,1409
1074,1074
708,708
399,399
255,255
229,229
186,186
303,303
326,326
573,573
926,926
1172,1172
1687,1687
2011,2011
2103,2103
2294,2294
2313,2313
2594,2594
2489.611526,2945
2900,2900
2944,2944
2473,2473
2162,2162
1750,1750
1597,1597
1242,1242
806,806
965,965
1239,1239
871,871
1486,1486
1541.181724,729
313,313
536.8347761,380
1776,1776
1767,1767
1698,1698
2246,2246
2191.35856,2581
2821,2821
2914,2914
3182,3182
3328,3328
3516,3516
3304,3304
3098.000876,2787
2696,2696
2577.432595,2273
1634,1634
967,967
1097.268919,549
727,727
609,609
525,525
718.1632584,644
897,897
1424,1424
1776,1776
2145,2145
2256,2256
2319,2319
2420,2420
2565,2565
2721,2721
2902,2902
3277,3277
3841,3841
4126,4126
3804.712085,4098
2989,2989
2126,2126
1757,1757
1359,1359
1107,1107
819,819
615,615
556,556
506,506
593,593
847,847
1312,1312
1719,1719
2143,2143
2213,2213
2345,2345
2369,2369
2406,2406
2598,2598
2867,2867
2724.979998,3203
3718,3718
4176,4176
3849.348732,4165
3231,3231
2329,2329
2264.341845,1838
1323,1323
1404,1404
855,855
252,252
169,169
155,155
567,567
1983,1983
2831,2831
3129,3129
1832,1832
1643,1643
1675.838674,1812
1755,1755
1836,1836
2096,2096
2200,2200
3236,3236
3876,3876
4223,4223
4132,4132
3199,3199
2031,2031
1424,1424
1038,1038
1157.498655,695
448,448
269,269
187,187
169,169
410.7889808,204
438,438
826,826
1150,1150
1326,1326
1538,1538
1585.311697,1667
1825,1825
1831.547474,1931
1872,1872
2356,2356
2908,2908
3608,3608
3362.258743,3891
4041,4041
2762,2762
1708,1708
1291,1291
1053,1053
811,811
453,453
272,272
196,196
167,167
240,240
483,483
2279,2279
3195,3195
2813,2813
2355,2355
1693,1693
1973,1973
1990,1990
2239,2239
2766,2766
3507,3507
3922,3922
4149,4149
4311,4311
3174,3174
2990.423766,2207
1720,1720
1081,1081
1193.488709,1152
727,727
416,416
272,272
252,252
854,854
2266,2266
1557,1557
2322,2322
1798,1798
2616,2616
1826,1826
2014,2014
2136,2136
2098.565187,2233
2490,2490
2645,2645
3228,3228
3554,3554
3539,3539
2884,2884
2296,2296
1894,1894
1621,1621
1295,1295
826,826
531,531
627,627
658,658
651,651
695,695
1281,1281
2040,2040
1720,1720
2011,2011
1991.349001,1867
2241,2241
2472,2472
2765,2765
2948,2948
3089,3089
3135,3135
3218,3218
3016,3016
2621,2621
2174,2174
1736,1736
1411,1411
916,916
1051.574882,584
1461,1461
1941,1941
894,894
804,804
1506,1506
2293,2293
2449,2449
2305,2305
2462,2462
2325,2325
1720,1720
1896,1896
2024,2024
2002.83549,2272
1984.678339,2791
3581,3581
3400,3400
4119,4119
3802.394221,2504
1761,1761
1331,1331
997,997
635,635
811.4376587,378
235,235
467.717844,166
153,153
396.7707627,216
427,427
912,912
1363,1363
1669,1669
1579,1579
1765,1765
1630,1630
1702,1702
1875,1875
2203,2203
3034,3034
3754,3754
4114,4114
3957,3957
3108,3108
1891,1891
1379,1379
969,969
807,807
438,438
245,245
178,178
416.9630689,130
235,235
438,438
893,893
1682,1682
2606,2606
1724,1724
1757,1757
1699,1699
1789,1789
1852,1852
1935,1935
2642,2642
3333,3333
3126.783163,3842
3360,3360
3150.364797,2761
1677,1677
1151,1151
841,841
986.8520938,622
426,426
215,215
164,164
105,105
486,486
759,759
884,884
1288,1288
1594,1594
2092,2092
1683,1683
1364,1364
1497,1497
1845,1845
2078,2078
2874,2874
3238,3238
3418,3418
3504,3504
2532,2532
1850,1850
1118,1118
928,928
659,659
382,382
618,618
1067,1067
978,978
402,402
607.8081882,407
691,691
982,982
1527,1527
1980,1980
1505,1505
1633,1633
1780,1780
1971,1971
2222,2222
2171.916948,3077
3260,3260
3267,3267
4027,4027
3724.66733,3020
2121,2121
1423,1423
1485.749603,862
883,883
437,437
638.1437592,254
204,204
140,140
125,125
151,151
315,315
434,434
580,580
776,776
1530,1530
1633,1633
1969,1969
2117,2117
2005,2005
1985.063925,2535
2808,2808
2632,2632
2802,2802
2239,2239
1766,1766
1501,1501
1008,1008
786,786
534,534
300,300
135,135
111,111
71,71
154,154
1248,1248
513,513
700.6209388,853
652,652
1177,1177
1415,1415
1416,1416
1477.582306,1548
1911,1911
2327,2327
2261.495198,2077
2050,2050
2689,2689
2343,2343
1978,1978
1961.278522,1233
1196,1196
696,696
280,280
232,232
109,109
90,90
122,122
296,296
983,983
642,642
1486,1486
1094,1094
1400,1400
1246,1246
1396,1396
1716,1716
1734.984766,1660
2500,2500
3022,3022
3537,3537
3107,3107
2175,2175
1406,1406
705,705
688,688
396,396
598.28496,297
68,68
85,85
87,87
108,108
348.7202135,257
1299,1299
1089,1089
1709,1709
1511,1511
1538,1538
1429,1429
1383,1383
1447.493078,1652
1715,1715
2515,2515
3088,3088
3290,3290
2992,2992
2168,2168
2123.894042,1605
643,643
810.4176039,226
954.5555978,371
156,156
159,159
85,85
28,28
87,87
224,224
511,511
766,766
915,915
855,855
1273,1273
1421,1421
1588,1588
1426,1426
1483.588682,2011
2512,2512
2204,2204
3334,3334
2891,2891
1962,1962
1316,1316
1104,1104
545,545
366,366
223,223
446.3343281,126
99,99
104,104
88,88
328.7731798,320
457,457
665,665
902,902
787,787
931.3741204,1261
1346,1346
1340,1340
1403,1403
2406,2406
3076,3076
3536,3536
3839,3839
3996,3996
2974,2974
1958,1958
1380,1380
1003,1003
821,821
460,460
649.1203507,270
204,204
427.7314307,161
230,230
417,417
886,886
1333,1333
1708,1708
1568,1568
1686,1686
1965,1965
1995,1995
2186,2186
2543,2543
3382,3382
302,302
0,0
0,0
0,0
0,0
0,0
0,0
0,0
0,0
0,0
0,0
0,0
0,0
0,0
249.011722,0
0,0
0,0
0,0
0,0
0,0
0,0
0,0
246.4839729,0
0,0
0,0
0,0
245.2914163,0
0,0
0,0
0,0
0,0
0,0
0,0
243.1546165,499
880,880
597,597
508,508
682.9656189,446
934,934
675,675
1026,1026
1355,1355
1416.489178,1634
2075,2075
2172,2172
2643,2643
2801,2801
2966,2966
3120,3120
3172,3172
3102,3102
2661,2661
2358,2358
1777,1777
1456,1456
888,888
480,480
272,272
170,170
138,138
207,207
464,464
1375,1375
1259,1259
2053,2053
1505,1505
1546.156929,1632
1630,1630
1727,1727
1986,1986
2108,2108
2722,2722
3455,3455
3624,3624
3802,3802
2444,2444
1649,1649
1199,1199
886,886
603,603
764.5255465,400
231,231
174,174
391.9871608,127
185,185
383,383
845,845
1354,1354
1555,1555
1592,1592
1697,1697
1663,1663
1675,1675
1891,1891
2170,2170
2926,2926
3636,3636
3959,3959
3949,3949
3017,3017
1835,1835
1271,1271
828,828
731,731
411,411
238,238
167,167
124,124
192,192
431,431
1267,1267
1338.945446,1736
2130,2130
1575,1575
1606.159177,1658
1685,1685
1778,1778
1916,1916
2140,2140
2907,2907
3625,3625
4028,4028
3853,3853
2953,2953
1854,1854
1295,1295
844,844
617,617
410,410
243,243
143,143
933,933
775,775
881,881
1300,1300
2786,2786
2806,2806
1661,1661
1728,1728
1789,1789
1928,1928
2159,2159
2485,2485
3206,3206
3807,3807
4198,4198
4237,4237
3470,3470
2096,2096
1413,1413
1048,1048
1011,1011
517,517
273,273
229,229
176,176
391.6213974,215
470,470
2012,2012
3329,3329
1745,1745
1483,1483
1823,1823
1821.321589,1893
1819.866702,2062
2258,2258
2503,2503
3535,3535
3889,3889
3614.078466,4095
4144,4144
2793,2793
2639,2639
1617,1617
1643.141612,944
846,846
901,901
523,523
263,263
229,229
224,224
346,346
429,429
807,807
1200,1200
1661,1661
1847,1847
1986,1986
1962.664119,2254
2195,2195
2457,2457
2928,2928
3186,3186
3382,3382
3484,3484
3263.438262,2944
2603,2603
2157,2157
2031,2031
1479,1479
952,952
567,567
356,356
241,241
226,226
270,270
329,329
599,599
896,896
1414,1414
2026,2026
2599,2599
2812,2812
2782,2782
2679,2679
2899,2899
3166,3166
3177,3177
3162,3162
2687,2687
2236,2236
1828,1828
1589,1589
1083,1083
598,598
757.4677541,330
221,221
169,169
240,240
475,475
949,949
1362,1362
1465,1465
1585,1585
1733,1733
1716,1716
1886,1886
1995,1995
2235,2235
2539,2539
3423,3423
4273,4273
4214,4214
2744,2744
1632,1632
1300,1300
1046,1046
687,687
367,367
255,255
133,133
160,160
189,189
449,449
895,895
1337,1337
1551,1551
1580,1580
1701,1701
1752,1752
1720,1720
1962,1962
2194,2194
3144,3144
3773,3773
4048,4048
4059,4059
3053,3053
1887,1887
1505,1505
964,964
813,813
943.1912527,434
256,256
149,149
150,150
215,215
438,438
924,924
1323,1323
1591,1591
1601,1601
1732,1732
1802,1802
1765,1765
1884,1884
2413,2413
3266,3266
3760,3760
4317,4317
4110,4110
3812.078278,3016
1945,1945
1451,1451
1035,1035
1135.875361,968
431,431
258,258
180,180
146,146
214,214
475,475
1035,1035
2369,2369
2222,2222
1519,1519
1585,1585
1654,1654
1803,1803
1989,1989
2523,2523
3305,3305
3876,3876
3687,3687
3657,3657
3587,3587
2033,2033
2003.862949,1603
1091,1091
838,838
560,560
722.3020739,422
230,230
434.8168718,1003
616,616
1786,1786
3129,3129
1229,1229
1304.577469,2666
2541,2541
2235,2235
2508,2508
1967,1967
2073,2073
2381,2381
3528,3528
4010,4010
4162,4162
4053,4053
3194,3194
2131,2131
1642,1642
1141,1141
1139,1139
1225,1225
1301.5016,826
719,719
616,616
589,589
743,743
882.0982926,934
1355,1355
1414.192785,1728
1754,1754
2268,2268
2783,2783
3032,3032
3278,3278
3334,3334
3260,3260
3547,3547
3705,3705
3877,3877
3760,3760
3507.637221,3398
2728,2728
2764,2764
2186,2186
1547,1547
1080,1080
812,812
635,635
660,660
659,659
808.5256708,751
1021,1021
1350,1350
1909,1909
2400,2400
2949,2949
3217,3217
3034.961187,3245
3634,3634
3850,3850
3626,3626
3868,3868
3835,3835
3532,3532
3198,3198
2755,2755
2395,2395
1696,1696
1062,1062
360,360
1738,1738
678,678
931,931
1620,1620
2724,2724
3061,3061
2778,2778
1474,1474
1518.419497,1740
1774,1774
1878,1878
2047,2047
2214,2214
2863,2863
3625,3625
4003,4003
4040,4040
2586,2586
1820,1820
1383,1383
1439.541093,976
690,690
836.3476718,391
250,250
550,550
1966,1966
1099,1099
1192.339439,1071
2146,2146
3321,3321
3125.423928,2557
1531,1531
1670,1670
1704,1704
1753,1753
1923,1923
2235,2235
2987,2987
3806,3806
4125,4125
4109,4109
2924,2924
1815,1815
1410,1410
1014,1014
1017,1017
536,536
296,296
204,204
152,152
230,230
456,456
884,884
1310,1310
1558,1558
1557,1557
1844,1844
1725,1725
1935,1935
2022,2022
1995.259787,2337
3076,3076
3707,3707
4152,4152
4087,4087
3291,3291
2171,2171
1582,1582
1064,1064
1066,1066
493,493
290,290
488.1813808,222
180,180
444,444
2134,2134
1886,1886
1933,1933
1917.888523,3392
1924,1924
1910.067268,1786
1735,1735
1969,1969
2178,2178
2421,2421
3150,3150
3883,3883
4032,4032
4070,4070
3507,3507
2009,2009
1507,1507
1013,1013
1033,1033
1135.172707,479
292,292
490.1113745,217
662.4682575,202
293,293
1329,1329
3194,3194
2702,2702
1981,1981
1606,1606
1817,1817
1933,1933
2165,2165
2119.792828,2395
2742,2742
3598,3598
3879,3879
4064,4064
3850,3850
3083,3083
2389,2389
1788,1788
1311,1311
1076,1076
648,648
469,469
1691,1691
1449,1449
934,934
1214,1214
1292.888256,1400
2345,2345
1743,1743
1382,1382
1801,1801
2046,2046
2254,2254
2201,2201
2417,2417
2652,2652
3012,3012
3003,3003
2936,2936
2816,2816
2261,2261
1786,1786
1582,1582
1613.242786,1308
896,896
525,525
364,364
1166,1166
1069,1069
1166.860639,1107
1154,1154
2398,2398
1935,1935
2585,2585
2485.216197,2102
2002,2002
2327,2327
2452,2452
2369.626561,2447
2298.023464,2654
3022,3022
3210,3210
3375,3375
2996,2996
2843.152601,2571
2255,2255
1897,1897
1887.353296,1249
790,790
1390,1390
1337,1337
2082,2082
2636,2636
2529.815044,2192
2437.521104,2374
1372,1372
1844,1844
2021,2021
1556,1556
1590.924922,1966
1621.273451,2357
2408,2408
2628,2628
3144,3144
2971.478992,3497
3492,3492
3378,3378
2849,2849
2305,2305
1928,1928
1461,1461
842,842
1021,1021
1126.017132,2034
750,750
1061,1061
2012,2012
2393,2393
1627,1627
1213,1213
2291,2291
2257,2257
2200.314641,1874
1835,1835
1935,1935
1993,1993
2241,2241
2933,2933
3665,3665
3954,3954
4098,4098
2966,2966
1859,1859
1335,1335
1147,1147
743,743
453,453
261,261
184,184
398.1723706,664
1657,1657
1057,1057
1262,1262
2716,2716
2641,2641
1558,1558
1624,1624
1679,1679
1698.100586,1797
2005,2005
2398,2398
3032,3032
3724,3724
4113,4113
4239,4239
2960,2960
2006,2006
1544,1544
1581.138697,947
907,907
469,469
258,258
184,184
192,192
966,966
1187,1187
1637,1637
2118,2118
2380,2380
1948,1948
1587,1587
1866,1866
1886,1886
2037,2037
2457,2457
3142,3142
3951,3951
4073,4073
4151,4151
2991,2991
1905,1905
1441,1441
970,970
983,983
528,528
292,292
231,231
202,202
1534,1534
2615,2615
1613,1613
1665,1665
1887,1887
1566,1566
1741,1741
1932,1932
2075,2075
2042.271146,2189
2500,2500
3528,3528
3843,3843
3650,3650
3100,3100
2933.521091,2372
1519,1519
1193,1193
855,855
757,757
745,745
318,318
515.3556464,223
201,201
365,365
555.8009275,1152
1351,1351
701,701
847.917901,1085
1361,1361
1421.592454,1669
1886,1886
2094,2094
2105,2105
2226,2226
2638,2638
2930,2930
2785.453949,3032
3055,3055
2797,2797
2670.018527,2343
1858,1858
1719,1719
1348,1348
866,866
561,561
369,369
691,691
657,657
691,691
751,751
1495,1495
1443,1443
2006,2006
2034,2034
2233,2233
2497,2497
2561,2561
2616,2616
2512.556415,2897
3130,3130
3257,3257
3246,3246
2875,2875
2415,2415
2046,2046
1746,1746
1147,1147
649,649
802.4366375,389
1165,1165
649,649
927,927
1515,1515
2520,2520
1989,1989
1853,1853
1439,1439
1651,1651
1751,1751
1868,1868
1965,1965
2335,2335
2922,2922
3676,3676
3972,3972
4017,4017
2758,2758
1792,1792
1357,1357
982,982
747,747
446,446
261,261
192,192
149,149
221,221
429.4817578,433
794,794
1616,1616
1884,1884
1533,1533
1620,1620
1646.467653,1600
1696,1696
1955,1955
2285,2285
3043,3043
3851,3851
4179,4179
4126,4126
3003,3003
1790,1790
1466,1466
973,973
903,903
498,498
268,268
178,178
144,144
217,217
440,440
1066,1066
3040,3040
1680,1680
1407,1407
1675,1675
1748,1748
1904,1904
2025,2025
2398,2398
3135,3135
3972,3972
3870,3870
3604.069569,4526
3197,3197
1867,1867
1454,1454
1016,1016
1099,1099
505,505
287,287
203,203
171,171
263,263
446,446
941,941
3016,3016
2136,2136
1593,1593
1636,1636
1730,1730
1817,1817
2019,2019
2667,2667
3616,3616
4124,4124
4347,4347
4126,4126
3317,3317
2025,2025
1638,1638
944,944
964,964
808,808
293,293
231,231
195,195
277,277
452,452
630.0700096,864
1315,1315
1495,1495
1550,1550
1858,1858
1922,1922
994,994
1458,1458
3433,3433
3967,3967
3907,3907
3636.139324,4144
4012,4012
3290,3290
2341,2341
1861,1861
1107,1107
1021,1021
1028,1028
475,475
263,263
199,199
244,244
296,296
1069,1069
1595,1595
1467,1467
1504,1504
1810,1810
1811.514917,2019
2256,2256
2227,2227
2520,2520
2810,2810
3083,3083
3223,3223
3308,3308
3115.467554,3000
2538,2538
2445.305397,2023
1933,1933
1449,1449
941,941
561,561
369,369
691,691
657,657
691,691
837.5960596,751
1495,1495
1443,1443
2006,2006
2034,2034
2006.472137,2233
2497,2497
2561,2561
2616,2616
2897,2897
3130,3130
3257,3257
3246,3246
2875,2875
2415,2415
2046,2046
1746,1746
1147,1147
649,649
389,389
1165,1165
649,649
927,927
1515,1515
1554.866079,2520
1989,1989
1853,1853
1439,1439
1651,1651
1815,1815
1958,1958
2085,2085
2419,2419
2953,2953
3013,3013
4585,4585
3940,3940
2581,2581
1585,1585
1204,1204
1284.571574,971
904,904
442,442
275,275
173,173
138,138
355.9219573,242
469,469
894,894
1311,1311
1578,1578
1610,1610
1592,1592
1727,1727
1739.211041,1811
1947,1947
1930.721577,2298
2903,2903
3497,3497
4024,4024
4159,4159
3025,3025
1922,1922
1404,1404
972,972
945,945
459,459
258,258
186,186
158,158
246,246
454,454
875,875
1299,1299
1647,1647
1587,1587
1668,1668
1693,1693
1840,1840
1955,1955
2325,2325
3023,3023
3810,3810
3553.801586,4142
4123,4123
3204,3204
1979,1979
1513,1513
1095,1095
919,919
496,496
315,315
509.1251399,195
169,169
244,244
495,495
927,927
1330,1330
1607,1607
1634.36924,1578
1724,1724
1805,1805
1952,1952
2067,2067
2333,2333
3108,3108
4226,4226
4327,4327
4333,4333
3358,3358
1863,1863
1857.737556,1325
925,925
972,972
588,588
282,282
193,193
196,196
741,741
2172,2172
1174,1174
1257.24013,1823
1329.733944,1999
2423,2423
1747,1747
1961,1961
2278,2278
2567,2567
2873,2873
3619,3619
3900,3900
4229,4229
4158,4158
3145,3145
2099,2099
1679,1679
1029,1029
1075,1075
1171.251744,784
389,389
259,259
247,247
200,200
313,313
436,436
1512,1512
1702,1702
1366,1366
1424.365375,1707
1978,1978
2353,2353
2518,2518
2465,2465
2973,2973
3380,3380
3527,3527
3452,3452
3302,3302
2845,2845
2229,2229
2003,2003
1564,1564
1597.186338,1037
1626.103786,536
396,396
287,287
440,440
2027,2027
2000.529399,1225
1271,1271
1464,1464
1106,1106
1696,1696
2234,2234
2460,2460
2699,2699
2813,2813
2937,2937
3139,3139
3426,3426
3412,3412
3103,3103
2938.722291,2725
2427,2427
1828,1828
1141,1141
655,655
336,336
204,204
209,209
265,265
492,492
662.3188397,880
2299,2299
1951,1951
1487,1487
1566,1566
1598.794097,1759
2055,2055
2363,2363
2293.372245,2569
2232.708724,3599
3962,3962
3996,3996
4107,4107
3343,3343
3148.073989,1963
1629,1629
1060,1060
913,913
445,445
269,269
203,203
177,177
246,246
467,467
972,972
1313,1313
1602,1602
1620,1620
1518,1518
1678,1678
1806,1806
1929,1929
2320,2320
3076,3076
3864,3864
4167,4167
3867.457896,4092
3160,3160
1973,1973
1547,1547
1089,1089
1051,1051
480,480
651.9088691,272
178,178
147,147
361.0208046,229
452,452
957,957
1294,1294
1523,1523
1593,1593
1665,1665
1772,1772
1869,1869
2075,2075
2387,2387
3284,3284
3858,3858
4245,4245
4038,4038
3252,3252
1997,1997
1428,1428
983,983
1090.256224,923
518,518
336,336
525.5464337,191
151,151
266,266
464,464
966,966
1309,1309
1559,1559
1577,1577
1625,1625
1864,1864
1974,1974
2032,2032
2004.890181,2479
3297,3297
3108.61431,3812
2944.294745,4150
2800.966876,4088
2675.94903,3182
2051,2051
1568,1568
1020,1020
1007,1007
634,634
303,303
208,208
186,186
272,272
440,440
615.3153992,911
1331,1331
1630,1630
1496,1496
1783,1783
1948,1948
2114,2114
2240,2240
3084,3084
3545,3545
3861,3861
4066,4066
3938,3938
3669.822026,3347
2205,2205
1751,1751
1053,1053
935,935
886,886
1004.715583,483
296,296
261,261
234,234
350,350
514,514
1686,1686
1519,1519
1339,1339
1784,1784
2025,2025
2042,2042
2013.56095,2372
2357,2357
2583,2583
2785,2785
3139,3139
3343,3343
2985,2985
2661,2661
2077,2077
2093,2093
1443,1443
1017,1017
647,647
314,314
1224,1224
1661,1661
1338,1338
944,944
1055.026081,1453
1192,1192
1271.506041,2538
1730,1730
2294,2294
2500,2500
2691,2691
2870,2870
3095,3095
3472,3472
3391,3391
3192.063702,3381
3056,3056
2656,2656
2349,2349
1872,1872
1206,1206
731,731
873,873
780,780
1158,1158
1460,1460
1352,1352
1634,1634
1845,1845
2137,2137
2216,2216
1640,1640
1914,1914
1987,1987
1975,1975
2347,2347
3126,3126
3649,3649
3417.713971,4043
4066,4066
2780,2780
1795,1795
1267,1267
982,982
710,710
850.8457103,403
219,219
162,162
139,139
454,454
1878,1878
1782,1782
2170,2170
2431,2431
1679,1679
1642,1642
1726,1726
1861,1861
2026,2026
2243,2243
3000,3000
3733,3733
4245,4245
4117,4117
2838,2838
1845,1845
1427,1427
994,994
849,849
482,482
651.6276295,280
210,210
163,163
1166,1166
1318,1318
1640,1640
2352,2352
2284.529949,2305
2225.627656,2088
2174.205137,1706
1792,1792
1998,1998
2008,2008
2328,2328
3211,3211
3769,3769
4123,4123
3832.449857,4053
3182,3182
3010.130287,2058
1545,1545
1035,1035
863,863
468,468
392,392
1812,1812
1085,1085
807,807
1022,1022
1404,1404
1626,1626
2518,2518
2892,2892
2756.188709,2276
2637.630635,2087
1946,1946
2127,2127
2088.254269,2534
3286,3286
3887,3887
4230,4230
3925.833529,4296
3268,3268
2144,2144
1587,1587
1047,1047
961,961
708,708
477,477
1423,1423
1027,1027
1669,1669
2590,2590
3282,3282
2695,2695
1710,1710
3206,3206
2183,2183
2428,2428
2256,2256
2440,2440
2912,2912
3411,3411
3209.36936,3670
3787,3787
3785,3785
2966,2966
2216,2216
1569,1569
1361,1361
1240,1240
1314.548876,1700
818,818
683,683
586,586
590,590
789,789
926,926
1121,1121
1517,1517
1831,1831
2243,2243
2189.801034,2601
2837,2837
2872,2872
2980,2980
3221,3221
3437,3437
3584,3584
3512,3512
3258,3258
3003,3003
2466,2466
2304,2304
2061,2061
1339,1339
552,552
345,345
245,245
216,216
950,950
362,362
509,509
709,709
1001,1001
1105.218859,1421
1742,1742
1954,1954
2174,2174
2236,2236
2409,2409
2646,2646
2789,2789
2754,2754
2752,2752
2380,2380
2161,2161
1797,1797
1674,1674
1693.22638,1019
507,507
315,315
249,249
192,192
295,295
310,310
474,474
801,801
745,745
1032,1032
1387,1387
1874,1874
2154,2154
2409,2409
2663,2663
2557.016375,2530
2707,2707
2514,2514
2240,2240
1994,1994
1972.525582,1728
1383,1383
1894,1894
1371,1371
1428.172984,529
256,256
171,171
242,242
459,459
902,902
1272,1272
1784,1784
1788.784173,1755
1792.963483,1740
1916,1916
1904.122204,2070
1962,1962
2450,2450
3172,3172
3750,3750
3982,3982
3933,3933
2744,2744
1739,1739
1330,1330
1045,1045
687,687
407,407
230,230
144,144
161,161
248,248
450,450
890,890
1007.107977,1209
1109.46473,1327
1509,1509
1548.219908,1668
1828,1828
1898,1898
2078,2078
2323,2323
3190,3190
3642,3642
4089,4089
4130,4130
3025,3025
1844,1844
1268,1268
1099,1099
813,813
432,432
283,283
137,137
167,167
211,211
486,486
917,917
1274,1274
1459,1459
1639,1639
1669,1669
1821,1821
1957,1957
1939.795725,2050
2334,2334
3377,3377
3985,3985
4243,4243
4305,4305
3192,3192
1920,1920
1472,1472
983,983
1063,1063
508,508
327,327
514.0172815,225
677.5907796,198
230,230
477,477
912,912
1282,1282
1487,1487
1570,1570
1812,1812
1861,1861
1996,1996
2260,2260
2204.883956,2653
3497,3497
3852,3852
4011,4011
3991,3991
2985,2985
2036,2036
1540,1540
971,971
1132,1132
687,687
385,385
237,237
228,228
211,211
411.6606426,313
441,441
730,730
1087,1087
1178.304066,1338
1644,1644
1985,1985
2188,2188
2348,2348
2344,2344
2728,2728
2914,2914
3173,3173
3175,3175
2950,2950
2403,2403
2010,2010
1831,1831
1564,1564
918,918
524,524
685.4596368,332
249,249
251,251
232,232
290,290
479.9691276,549
730,730
1164,1164
1245.300822,1639
2077,2077
2380,2380
2483,2483
2874,2874
2985,2985
3340,3340
3693,3693
3605,3605
3108,3108
2571,2571
2122,2122
1780,1780
1180,1180
621,621
314,314
246,246
441.0352909,155
251,251
445.1876633,492
962,962
1068.108629,1269
1544,1544
1560,1560
1543,1543
1509,1509
1580,1580
1668,1668
2019,2019
2841,2841
3565,3565
1862,1862
2576,2576
3588,3588
1885,1885
1229,1229
900,900
772,772
421,421
594.8940259,251
199,199
161,161
205,205
405.2193851,491
580.5214528,869
734.0071651,1276
1520,1520
1620,1620
1589,1589
1787,1787
1819,1819
1971,1971
1951.637281,2321
2987,2987
3661,3661
4195,4195
4055,4055
3040,3040
1883,1883
1874.828907,1504
1041,1041
828,828
469,469
259,259
175,175
157,157
227,227
423.9260785,459
919,919
1030.140447,1293
1431,1431
1613,1613
1617,1617
1786,1786
1928,1928
2040,2040
2308,2308
3245,3245
3914,3914
4126,4126
3840.441167,4165
3183,3183
1823,1823
1440,1440
933,933
985,985
468,468
262,262
183,183
152,152
357.6619404,256
485,485
913,913
1024.487149,1240
1536,1536
1695,1695
1712,1712
1724.596183,1734
2041,2041
2012.86795,2064
2314,2314
2780,2780
4244,4244
4352,4352
4269,4269
3172,3172
3004.496109,2001
1472,1472
1053,1053
947,947
533,533
691.6460951,327
830.6389397,206
203,203
402.1463472,256
461,461
838,838
1186,1186
1455,1455
1498,1498
1738,1738
1838,1838
1834.993357,2210
2193,2193
2651,2651
2547.524658,3650
3857,3857
4168,4168
4013,4013
3301,3301
2286,2286
1674,1674
1158,1158
1124,1124
695,695
408,408
581.677545,266
237,237
224,224
321,321
485,485
706,706
1147,1147
1452,1452
1785,1785
2076,2076
2157,2157
2310,2310
2504,2504
2835,2835
3124,3124
3386,3386
3275,3275
3451,3451
2703,2703
2395,2395
2228,2228
1583,1583
998,998
1098.653984,559
381,381
293,293
240,240
215,215
302,302
527,527
957,957
1245,1245
1777,1777
2208,2208
2159.398208,2504
2777,2777
2970,2970
3181,3181
3228,3228
3336,3336
3154,3154
3252,3252
2667,2667
2265,2265
1746,1746
1754.491623,1126
626,626
326,326
218,218
205,205
236,236
429.2953848,509
949,949
1404,1404
2978,2978
1545,1545
1660,1660
1780,1780
1938,1938
2160,2160
2310,2310
3000,3000
3653,3653
3900,3900
3688,3688
3458.28355,2841
1780,1780
1410,1410
926,926
882,882
445,445
243,243
435.9640223,173
170,170
222,222
461,461
893,893
1247,1247
1528,1528
1546,1546
1700,1700
1801,1801
1778,1778
2037,2037
2350,2350
3106,3106
3851,3851
4221,4221
3926.627135,4162
3167,3167
1947,1947
1393,1393
1033,1033
861,861
432,432
240,240
167,167
162,162
222,222
485,485
877,877
1245,1245
2887,2887
3743,3743
1774,1774
1811,1811
1861,1861
2061,2061
2384,2384
3491,3491
4048,4048
4590,4590
3730,3730
3349,3349
2671,2671
1707,1707
1031,1031
930,930
1038.654738,556
275,275
463.8741598,209
157,157
244,244
534,534
910,910
1290,1290
1354.11045,3395
2031,2031
1733,1733
1742.752922,1868
2042,2042
2139,2139
2098.926318,2552
3495,3495
3969,3969
4368,4368
4343,4343
3430,3430
3232.35618,2155
1563,1563
1029,1029
954,954
495,495
309,309
230,230
204,204
277,277
476,476
892,892
2305,2305
2950,2950
1582,1582
1742,1742
1876,1876
2255,2255
2499,2499
2674,2674
3582,3582
3709,3709
4510,4510
3797,3797
3360,3360
2183,2183
2137.912419,1688
943,943
956,956
911,911
643,643
319,319
240,240
432.8003002,244
341,341
819,819
2836,2836
2710.415177,2917
3523,3523
1839,1839
1991,1991
2278,2278
2257,2257
2466,2466
2644,2644
3264,3264
3584,3584
3868,3868
3586,3586
2983,2983
2430,2430
2103,2103
1614,1614
954,954
582,582
474,474
1895,1895
1029,1029
1125.822921,932
1146,1146
1348,1348
1629,1629
2161,2161
2202,2202
2062,2062
2606,2606
2730,2730
3130,3130
2968.379794,3288
3451,3451
3478,3478
3725,3725
3215,3215
2686,2686
2205,2205
1675,1675
1095,1095
577,577
319,319
321,321
1765,1765
891,891
1001,1001
2034,2034
2007.206327,2715
3332,3332
2850,2850
2157,2157
1790,1790
2063,2063
2165,2165
2372,2372
2303.604883,3093
2243.655404,3783
3548,3548
4575,4575
4236.409159,2761
1754,1754
1238,1238
936,936
762,762
498,498
245,245
177,177
248,248
1618,1618
1935,1935
1280,1280
1488,1488
2022,2022
2569,2569
1729,1729
1671,1671
1920,1920
1984,1984
2419,2419
3194,3194
3772,3772
4225,4225
4189,4189
3024,3024
1785,1785
1346,1346
1404.568363,954
785,785
503,503
263,263
267,267
1448,1448
1880,1880
1477,1477
1825,1825
1436,1436
1483.272204,2255
1524.680977,2176
1560.953592,1711
1906,1906
2035,2035
2065,2065
2379,2379
3192,3192
3021.939824,3877
4438,4438
4114.67192,4279
3129,3129
1992,1992
1482,1482
918,918
1029.685059,936
485,485
306,306
248,248
184,184
246,246
1520,1520
1414,1414
1877,1877
2415,2415
1622,1622
1724,1724
1832,1832
2005,2005
2231,2231
2501,2501
3515,3515
3304.912719,3973
4527,4527
4355,4355
4042.183156,3191
2051,2051
1536,1536
929,929
1018,1018
602,602
256,256
256,256
449.4372715,216
233,233
446,446
1760,1760
3385,3385
3289,3289
2456,2456
1796,1796
2025,2025
1999.364999,2016
2468,2468
2387.381495,2737
3842,3842
4143,4143
4229,4229
4176,4176
3206,3206
2342,2342
1669,1669
1071,1071
1150,1150
1233.207555,689
486,486
318,318
256,256
258,258
449,449
1062,1062
1155.782963,2597
2111,2111
2552,2552
1724,1724
1735.792732,1995
2172,2172
2410,2410
2660,2660
2905,2905
3218,3218
3443,3443
3707,3707
2934,2934
2545,2545
1952,1952
1836,1836
1655,1655
1042,1042
570,570
348,348
530.2165975,299
748,748
2014,2014
2601,2601
2263,2263
1689,1689
1705.253888,1234
1698,1698
2208,2208
2697,2697
2914,2914
2983,2983
3328,3328
3392,3392
3358,3358
3062,3062
2908.531947,2710
2385,2385
2116,2116
1733,1733
1058,1058
574,574
386,386
232,232
181,181
335,335
1962,1962
2652,2652
2177,2177
1884,1884
2310,2310
1686,1686
1702.732553,1865
1717.387505,2037
2121,2121
2421,2421
2346.620118,3098
3686,3686
3944,3944
4046,4046
2608,2608
1812,1812
1309,1309
910,910
816,816
468,468
230,230
194,194
145,145
217,217
467,467
913,913
1626,1626
2801,2801
2679.489828,1646
1628,1628
1666,1666
1875,1875
2123,2123
2085.469754,2323
3137,3137
2973.800652,3691
4364,4364
4131,4131
3101,3101
1910,1910
1394,1394
817,817
994,994
460,460
260,260
200,200
158,158
238,238
475,475
1166,1166
3124,3124
3164,3164
2100,2100
1621,1621
1807,1807
1910,1910
2028,2028
2340,2340
3184,3184
3891,3891
3634.296762,4335
4315,4315
3068,3068
1854,1854
1503,1503
881,881
997.989864,956
471,471
294,294
483.6296851,184
185,185
262,262
454,454
880,880
1254,1254
1925,1925
1681,1681
1604,1604
1792,1792
1849,1849
2063,2063
2619,2619
3356,3356
3869,3869
4195,4195
4165,4165
3875.423361,3343
2114,2114
1503,1503
1017,1017
990,990
476,476
331,331
201,201
220,220
256,256
427,427
859,859
1600,1600
1805,1805
1575,1575
1806,1806
1886,1886
1968,1968
2391,2391
2715,2715
3594,3594
3946,3946
4332,4332
4331,4331
3532,3532
2532,2532
2421,2421
1061,1061
1023,1023
876,876
992.9970451,443
250,250
291,291
480.0326482,217
302,302
455,455
722,722
1007,1007
1357,1357
1820,1820
2084,2084
2308,2308
2446,2446
2634,2634
2732,2732
3294,3294
3363,3363
3334,3334
3147.48984,2949
2286,2286
2182,2182
2071,2071
1625,1625
1065,1065
558,558
405,405
264,264
246,246
439.9485653,274
443,443
668,668
921,921
1228,1228
1727,1727
2374,2374
2832,2832
2882,2882
2972,2972
3200,3200
2840,2840
3058,3058
3283,3283
3253,3253
2791,2791
2475,2475
1974,1974
1066,1066
677,677
367,367
225,225
199,199
248,248
468,468
931,931
2826,2826
2536,2536
1582,1582
1574,1574
1911,1911
1977,1977
2139,2139
2405,2405
3156,3156
3662,3662
3435.482635,4089
4014,4014
2882,2882
2751.446713,1865
1404,1404
923,923
796,796
401,401
244,244
200,200
153,153
227,227
457,457
892,892
1230,1230
1588,1588
1586,1586
1667,1667
1684,1684
1983,1983
1986,1986
2377,2377
3129,3129
3733,3733
4214,4214
4093,4093
3063,3063
1876,1876
1510,1510
905,905
815,815
426,426
270,270
185,185
166,166
251,251
444,444
862,862
1273,1273
1661,1661
1594,1594
1688,1688
1832,1832
1993,1993
2035,2035
2374,2374
3282,3282
3973,3973
4258,4258
4378,4378
3326,3326
2027,2027
1557,1557
1020,1020
937,937
451,451
255,255
214,214
157,157
229,229
458,458
893,893
1273,1273
1573,1573
1592,1592
1779,1779
1741,1741
1750.461495,2003
2121,2121
2449,2449
3476,3476
3943,3943
4393,4393
3968,3968
3408,3408
2099,2099
2064.911972,1549
1077,1077
989,989
535,535
310,310
191,191
213,213
259,259
439,439
858,858
1168,1168
1498,1498
1454,1454
1708,1708
1873,1873
1884,1884
2470,2470
2858,2858
3820,3820
4174,4174
4250,4250
4302,4302
3589,3589
2231,2231
1697,1697
1068,1068
943,943
928,928
449,449
295,295
303,303
227,227
310,310
447,447
727,727
1128,1128
1487,1487
1527.287991,1821
2046,2046
2174,2174
2487,2487
2405.571556,2481
2825,2825
3128,3128
3466,3466
3651,3651
3184,3184
2717,2717
2256,2256
2162,2162
1616,1616
1006,1006
558,558
385,385
270,270
247,247
224,224
304,304
513,513
1136,1136
1171,1171
1803,1803
2347,2347
2282.713482,2525
2933,2933
3130,3130
3052,3052
3313,3313
3340,3340
3362,3362
3154,3154
2614,2614
2098,2098
1930,1930
1221,1221
753,753
389,389
212,212
184,184
254,254
492,492
908,908
1228,1228
2276,2276
1624,1624
1586,1586
1641,1641
1768,1768
1988,1988
2431,2431
3107,3107
3659,3659
4004,4004
3739.953613,4008
2853,2853
1975,1975
1511,1511
1092,1092
756,756
443,443
269,269
456.4020657,206
164,164
232,232
473,473
904,904
1224,1224
1609,1609
1598,1598
1756,1756
1854,1854
1925,1925
2051,2051
2411,2411
3254,3254
3080.397235,3804
4144,4144
3760,3760
3493,3493
2087,2087
1698,1698
1077,1077
847,847
484,484
267,267
199,199
1559,1559
781,781
937,937
1445,1445
2742,2742
3635,3635
3415.161192,2705
2088,2088
1841,1841
1995,1995
2071,2071
2439,2439
2363.737978,3209
3734,3734
4076,4076
4216,4216
3218,3218
2055,2055
1521,1521
913,913
972,972
454,454
320,320
181,181
1021,1021
1183,1183
806,806
1348,1348
1790,1790
3413,3413
2651,2651
2544,2544
1889,1889
1891,1891
2052,2052
2448,2448
3451,3451
3734,3734
4317,4317
4119,4119
3509,3509
2218,2218
1694,1694
1016,1016
1082,1082
536,536
332,332
512.3650425,261
1371,1371
1186,1186
1097,1097
1875,1875
2892,2892
2761.814834,3854
3760,3760
2449,2449
1870,1870
2117,2117
2224,2224
2749,2749
3494,3494
3521,3521
3559,3559
3348.21196,4694
3163.028605,3552
2395,2395
1946,1946
1930.947733,952
940,940
1460,1460
1927,1927
828,828
713,713
901,901
1750,1750
2991,2991
3174,3174
1422,1422
3022,3022
2236,2236
2148,2148
2108.186237,2210
2266,2266
2397,2397
2678,2678
3198,3198
3522,3522
3314.863563,3506
3426,3426
2967,2967
2827.623187,2815
2705.260537,2177
1439,1439
1533,1533
851,851
780,780
624,624
643,643
585,585
708,708
1017,1017
1330,1330
1390.070592,1907
2480,2480
3015,3015
3558,3558
3707,3707
4005,4005
3619,3619
3400.680537,3881
3736,3736
3773,3773
3861,3861
3184,3184
2821,2821
2208,2208
1486,1486
1014,1014
299,299
190,190
177,177
1101,1101
2254,2254
1604,1604
1630.878328,1775
2001,2001
1979.556006,2132
1700,1700
1684,1684
1926,1926
2032,2032
2349,2349
2858,2858
3691,3691
3990,3990
3970,3970
2776,2776
1798,1798
1372,1372
930,930
740,740
453,453
299,299
233,233
175,175
266,266
455.1685085,447
621.3479799,873
1276,1276
1622,1622
1588,1588
1654,1654
1703,1703
1711,1711
1829,1829
2236,2236
3100,3100
3853,3853
4097,4097
4149,4149
3258,3258
2021,2021
1413,1413
927,927
856,856
928,928
1036.89911,1669
989,989
1046,1046
950,950
1320,1320
1580,1580
3252,3252
3101,3101
2459,2459
3115,3115
1834,1834
1811,1811
1978,1978
2329,2329
3102,3102
2946.760062,3832
4098,4098
4121,4121
3289,3289
3111.357152,2058
1595,1595
974,974
1077.816393,1857
1370,1370
1629,1629
2463,2463
2782,2782
957,957
496,496
732,732
1069,1069
1425,1425
1547,1547
1893,1893
2311,2311
1880,1880
2066,2066
2507,2507
3437,3437
3980,3980
4106,4106
4166,4166
3528,3528
2161,2161
1578,1578
1036,1036
1587,1587
1196,1196
1415,1415
1764,1764
2291,2291
2386,2386
1751,1751
1760.383871,721
1024,1024
1320,1320
1707,1707
2959,2959
2407,2407
1731,1731
1624,1624
2790,2790
2672.40105,3763
4027,4027
4312,4312
4351,4351
3477,3477
2326,2326
1781,1781
1010,1010
2030,2030
2005.496413,1198
1636,1636
1581,1581
1818,1818
276,276
399,399
772,772
1675,1675
1216,1216
1960,1960
1943.926959,1777
2073,2073
2211,2211
2433,2433
2522,2522
2783,2783
3188,3188
3456,3456
3579,3579
3116,3116
2617,2617
2262,2262
2063,2063
1610,1610
1637.012267,1044
572,572
364,364
269,269
255,255
244,244
398,398
640,640
1138,1138
1222.4366,1234
1753,1753
2279,2279
2708,2708
2911,2911
2778.76557,3025
3177,3177
3294,3294
3279,3279
3254,3254
3160,3160
2574,2574
2179,2179
1788,1788
1106,1106
647,647
360,360
216,216
188,188
298,298
1044,1044
1285,1285
1894,1894
2146,2146
2145,2145
2173,2173
1746,1746
1763,1763
1908,1908
2303,2303
2840,2840
3557,3557
3991,3991
3919,3919
2867,2867
1698,1698
1319,1319
907,907
613,613
808,808
1401,1401
527,527
536,536
1055,1055
1274,1274
2281,2281
3432,3432
2699,2699
2805,2805
1885,1885
1509,1509
1678,1678
1807,1807
2267,2267
2213.553316,3160
3883,3883
3941,3941
4109,4109
3100,3100
1909,1909
1456,1456
1030,1030
716,716
393,393
595,595
746.01642,1490
1059,1059
909,909
1021.575605,917
1120.372834,1391
1535,1535
2781,2781
2664.640853,2347
1898,1898
1796,1796
1764,1764
2023,2023
2368,2368
3096,3096
3972,3972
4144,4144
4143,4143
3256,3256
2099,2099
1594,1594
1063,1063
777,777
455,455
313,313
498.4104829,1319
629,629
675,675
1026,1026
2648,2648
1956,1956
2272,2272
2430,2430
1937,1937
1923.955876,1757
1879,1879
2011,2011
2498,2498
3233,3233
3720,3720
2887,2887
4675,4675
3781,3781
2321,2321
1752,1752
1082,1082
916,916
1028.334738,508
324,324
214,214
412.0928126,243
241,241
944,944
1125,1125
1572,1572
1809,1809
2614,2614
1828,1828
1875,1875
1869.554562,2135
2362,2362
2296.831184,2919
3265,3265
3729,3729
3863,3863
3318,3318
3316,3316
2309,2309
1750,1750
1379,1379
973,973
698,698
937,937
1715,1715
1003,1003
686,686
1203,1203
1365,1365
2359,2359
3198,3198
2738,2738
1784,1784
2144,2144
2105.644281,2217
2012,2012
2154,2154
2424,2424
2729,2729
2695,2695
2589.091472,3315
3112,3112
2888,2888
2750,2750
2172,2172
1462,1462
910,910
1114,1114
1631,1631
1259,1259
1329.426066,1443
1171,1171
934,934
965,965
2611,2611
1931,1931
1648,1648
1945,1945
2120,2120
2159,2159
2160,2160
2119.687403,2301
2612,2612
3189,3189
3324,3324
3392,3392
3000,3000
3185,3185
2829,2829
1434,1434
874,874
456,456
312,312
263,263
241,241
278,278
326,326
852,852
841,841
985,985
1539,1539
1945,1945
2415,2415
2343.366234,2492
2728,2728
3285,3285
3917,3917
3559,3559
3352,3352
3466,3466
2847,2847
2928,2928
1903,1903
940,940
520,520
260,260
202,202
148,148
241,241
504,504
1690,1690
2492,2492
2411.074505,2723
1593,1593
1685,1685
1712,1712
1673,1673
1742,1742
2364,2364
3052,3052
2902.419908,3547
3675,3675
3869,3869
3018,3018
1875,1875
1434,1434
993,993
648,648
439,439
206,206
199,199
160,160
221,221
1025,1025
1123.806903,1069
1555,1555
1772,1772
1779.267793,2269
1631,1631
1592,1592
1750,1750
1892,1892
2457,2457
3145,3145
3867,3867
4026,4026
3862,3862
2856,2856
2730.762225,1775
1501,1501
1051,1051
730,730
466,466
248,248
674,674
843,843
349,349
995,995
1972,1972
3248,3248
3601,3601
3384.509405,2162
3194.542423,1682
1655,1655
1676.743854,1882
1993,1993
2350,2350
3187,3187
3873,3873
4121,4121
3925,3925
3074,3074
1910,1910
1900.67252,1631
917,917
907,907
1020.582333,542
1120.225444,326
218,218
213,213
374,374
1379,1379
1040,1040
1527,1527
3510,3510
2428,2428
2155,2155
1875,1875
1936,1936
2159,2159
2520,2520
2386,2386
4598,4598
4226,4226
4101,4101
2429,2429
2865,2865
2738.162122,1734
1030,1030
1058,1058
1650,1650
1313,1313
1377.29008,441
1061,1061
1748,1748
2557,2557
2598,2598
957,957
1034,1034
2399,2399
2230,2230
2044,2044
2269,2269
2460,2460
2593,2593
2847,2847
2721.879971,3211
3431,3431
3508,3508
3108,3108
2327,2327
2069,2069
1799,1799
2234,2234
1484,1484
1050,1050
823,823
687,687
642,642
627,627
747,747
945,945
1363,1363
1882,1882
2509,2509
3021,3021
3530,3530
3366,3366
3647,3647
3423.652421,3090
3645,3645
3689,3689
3648,3648
3122,3122
2954,2954
2690,2690
2056,2056
1375,1375
1431.983134,927
1481.933553,849
459,459
1009,1009
1401,1401
2280,2280
3132,3132
1358,1358
1379,1379
1532,1532
2524,2524
2439.03553,2127
1873,1873
1948,1948
2196,2196
1616,1616
4567,4567
3998,3998
3884,3884
2647,2647
1781,1781
1335,1335
909,909
1024.362263,909
450,450
591,591
745.6774768,515
513,513
600,600
868,868
1287,1287
1766,1766
2257,2257
2143,2143
2220,2220
2160,2160
2369,2369
2405,2405
2798,2798
3184,3184
3520,3520
3919,3919
3966,3966
3287,3287
2458,2458
2381.255889,1912
1379,1379
1197,1197
824,824
623,623
532,532
522,522
611,611
875,875
1366,1366
1747,1747
2185,2185
2103,2103
2262,2262
2288,2288
2367,2367
2584,2584
2964,2964
3250,3250
3669,3669
3442.689261,3691
4059,4059
3784.944712,3464
2474,2474
2395.496525,2009
1466,1466
1114,1114
836,836
533,533
302,302
200,200
825,825
2792,2792
2614,2614
1667,1667
1488,1488
1852,1852
2201,2201
1680,1680
1851,1851
1850,1850
2415,2415
2343.522216,3219
3846,3846
4042,4042
3935,3935
3675.696059,3395
1980,1980
1668,1668
1116,1116
1174,1174
640,640
644,644
562,562
529,529
612,612
764.0886997,865
1255,1255
1716,1716
2081,2081
2261,2261
2429,2429
2432,2432
2358.449509,2730
2294.031204,2866
3138,3138
3467,3467
3692,3692
3899,3899
3873,3873
3327,3327
2439,2439
2454,2454
1558,1558
1558,1558
1066,1066
1335,1335
2104,2104
2603,2603
2498,2498
2909,2909
2300,2300
2243.132095,1009
1196,1196
1607,1607
3304,3304
2425,2425
2193,2193
2149.3317,2378
2556,2556
2919,2919
3205,3205
3643,3643
3419.720946,3725
3227,3227
2354,2354
2503,2503
1865,1865
1581,1581
2066,2066
1013,1013
844,844
684,684
621,621
661,661
712,712
869,869
1205,1205
1765,1765
2262,2262
2806,2806
3007,3007
3211,3211
3146,3146
3222,3222
3039,3039
2769,2769
2967,2967
2492,2492
2362,2362
2097,2097
1565,1565
1239,1239
914,914
1029.20976,665
584,584
534,534
696.1339782,596
919,919
1308,1308
1714,1714
2020,2020
1896,1896
2214,2214
2365,2365
2199,2199
2052,2052
2422,2422
2817,2817
2696.267627,3857
3930,3930
3852,3852
2837,2837
1880,1880
1466,1466
1512.842359,1002
1553.867894,728
470,470
268,268
193,193
160,160
248,248
497,497
1611,1611
2429,2429
2178,2178
1588,1588
1665,1665
1602,1602
1706,1706
1722.876063,1804
2282,2282
3066,3066
3716,3716
3926,3926
4068,4068
3145,3145
1971,1971
1434,1434
940,940
1052.001657,725
423,423
526,526
966,966
723,723
688,688
1113,1113
1288,1288
1663,1663
2333,2333
2105,2105
2225,2225
2193,2193
2315,2315
2515,2515
2990,2990
3253,3253
3517,3517
4083,4083
3891,3891
3313,3313
2539,2539
2095,2095
1321,1321
1218,1218
1295.502988,874
620,620
2028,2028
2030,2030
419,419
649,649
1146,1146
1995,1995
3544,3544
2905,2905
2326,2326
1835,1835
1851,1851
1967,1967
2373,2373
3201,3201
3788,3788
4086,4086
4208,4208
3298,3298
2483,2483
1579,1579
905,905
1038,1038
533,533
268,268
202,202
190,190
302,302
1999,1999
1979.734973,1199
1490,1490
2693,2693
2336,2336
1693,1693
1806,1806
1810.736105,1938
1133,1133
1756,1756
3436,3436
3855,3855
3418,3418
4633,4633
3260,3260
2439,2439
1704,1704
1072,1072
1071,1071
810,810
938.9252536,443
270,270
255,255
179,179
326,326
458,458
832,832
1972,1972
1956.012579,1931
1809,1809
2204,2204
2387,2387
2594,2594
2687,2687
3117,3117
3185,3185
3494,3494
3480,3480
3174,3174
2508,2508
2112,2112
1601,1601
1326,1326
952,952
605,605
329,329
517.281323,263
233,233
254,254
451.3259358,1596
1525,1525
1594,1594
2321,2321
1758,1758
2168,2168
2758,2758
2715,2715
2994,2994
3067,3067
3587,3587
3359,3359
3213,3213
3043.22033,2704
2250,2250
1891,1891
1435,1435
903,903
516,516
355,355
1514,1514
427,427
508,508
848,848
1189,1189
2148,2148
2110.196699,2968
2534,2534
2427,2427
1746,1746
1794,1794
1930,1930
2324,2324
2763,2763
3718,3718
3849,3849
3270,3270
3166,3166
1865,1865
1373,1373
868,868
528,528
387,387
230,230
1374,1374
858,858
513,513
636,636
1180,1180
2039,2039
3454,3454
2387,2387
2120,2120
1717,1717
1702,1702
2057,2057
2250,2250
2960,2960
3951,3951
4103,4103
3822.434504,3856
2983,2983
1959,1959
1351,1351
876,876
703,703
845.1869132,435
265,265
232,232
912,912
1028.035915,474
758,758
1627,1627
1772,1772
2023,2023
3244,3244
1987,1987
1969.215255,1600
1734,1734
1850,1850
2456,2456
3027,3027
3762,3762
3523.326173,4108
4132,4132
3290,3290
2015,2015
1993.90135,1445
932,932
772,772
441,441
270,270
171,171
160,160
243,243
873,873
1239,1239
1852,1852
1851.009393,1657
2096,2096
1491,1491
1534.987288,1716
1803,1803
1956,1956
2404,2404
3176,3176
3942,3942
4213,4213
4153,4153
3434,3434
3236.570848,2239
1469,1469
909,909
889,889
490,490
262,262
194,194
185,185
275,275
1526,1526
1148,1148
1564,1564
1692,1692
1710.926812,2319
1781,1781
1914,1914
2007,2007
2291,2291
2490,2490
3421,3421
3659,3659
3981,3981
3942,3942
3200,3200
2314,2314
1718,1718
918,918
998,998
885,885
508,508
319,319
856,856
621,621
546,546
597,597
765,765
1300,1300
1543,1543
1580.377496,2689
2204,2204
2104,2104
2406,2406
2381,2381
2692,2692
2999,2999
3363,3363
3281,3281
3036,3036
2448,2448
1911,1911
1533,1533
1341,1341
1797,1797
1802.948497,2046
887,887
573,573
516,516
532,532
650,650
1049,1049
1588,1588
2143,2143
2177,2177
2128,2128
2610,2610
2611,2611
2752,2752
2987,2987
2845.164852,3077
3103,3103
3056,3056
2822,2822
2538,2538
2001,2001
1275,1275
1022,1022
1652,1652
433,433
500,500
315,315
461,461
900,900
1244,1244
2315,2315
2946,2946
2421,2421
2390,2390
1544,1544
1581.324174,1762
1963,1963
2363,2363
2929,2929
3487,3487
3912,3912
3743,3743
2711,2711
1645,1645
1365,1365
852,852
581,581
395,395
696,696
476,476
350,350
1091,1091
2125,2125
3013,3013
3416,3416
2075,2075
1871,1871
2679,2679
2379,2379
1735,1735
1828,1828
2248,2248
2886,2886
3727,3727
3900,3900
3021,3021
3659,3659
1732,1732
1746.212151,1507
889,889
771,771
1593,1593
574,574
525,525
494,494
559,559
888,888
1321,1321
1386.262989,1765
2013,2013
2016,2016
1994.640146,2226
2277,2277
2472,2472
2472,2472
2393.846332,2906
3039,3039
3735,3735
4046,4046
3826,3826
3359,3359
2403,2403
2199,2199
1391,1391
1137,1137
872,872
727,727
1247,1247
650,650
282,282
681,681
1329,1329
1394,1394
3009,3009
2382,2382
2324,2324
1658,1658
1876,1876
1930,1930
2414,2414
3270,3270
3888,3888
3981,3981
4095,4095
3490,3490
1949,1949
1798,1798
1155,1155
917,917
544,544
728,728
470,470
410,410
403,403
1130,1130
2843,2843
2020,2020
1403,1403
2257,2257
2355,2355
1931,1931
2092,2092
2302,2302
2748,2748
3369,3369
3917,3917
4116,4116
4206,4206
3622,3622
2519,2519
1836,1836
1314,1314
1007,1007
1507,1507
1549.466595,829
684,684
628,628
613,613
717,717
863,863
1209,1209
1623,1623
2115,2115
2348,2348
2591,2591
2898,2898
2898,2898
3319,3319
3315,3315
3685,3685
3876,3876
4044,4044
3943,3943
3682.961736,3636
2737,2737
2372,2372
2050,2050
1403,1403
806,806
2244,2244
2393,2393
1599,1599
582,582
367,367
506,506
686,686
1163,1163
1248.307673,3055
1322.982569,2667
2507,2507
2611,2611
2821,2821
2928,2928
3215,3215
3654,3654
3700,3700
2864,2864
2498,2498
1848,1848
1982,1982
1216,1216
2489,2489
1124,1124
358,358
543.8577847,155
201,201
447,447
795,795
926.2452855,1225
2529,2529
1712,1712
2950,2950
2336,2336
1987,1987
2161,2161
2318,2318
3228,3228
3747,3747
4334,4334
4036,4036
2965,2965
1805,1805
1319,1319
928,928
659,659
386,386
242,242
544,544
417,417
562,562
1124,1124
1940,1940
3315,3315
3306,3306
3276,3276
3098.027657,2232
2448,2448
1691,1691
2042,2042
2156,2156
2671,2671
3677,3677
4087,4087
3858,3858
2964,2964
1791,1791
1285,1285
924,924
1091,1091
1185.791447,867
340,340
511,511
628,628
761,761
896.7841044,1779
3022,3022
3465,3465
3638,3638
3502,3502
2690,2690
2373,2373
1830,1830
2081,2081
2299,2299
2912,2912
3653,3653
4074,4074
3938,3938
3141,3141
1997,1997
1376,1376
1168,1168
1369,1369
1270,1270
639,639
790.3922128,563
538,538
602,602
898,898
1323,1323
1773,1773
2077,2077
2137,2137
2266,2266
2214.12404,2178
2168.733728,2497
2517,2517
2930,2930
3189,3189
3763,3763
4091,4091
4007,4007
3567,3567
2486,2486
2181,2181
1511,1511
1246,1246
868,868
1022,1022
1734,1734
2369,2369
1619,1619
1512,1512
1038,1038
1053,1053
1221,1221
1374,1374
1630,1630
3012,3012
2949,2949
2322,2322
2702,2702
3431,3431
3777,3777
4011,4011
3742.171112,4112
3291,3291
2145,2145
2108.625178,1883
1611,1611
1093,1093
1424,1424
829,829
642,642
576,576
571,571
718,718
882,882
1253,1253
1642,1642
2076,2076
2376,2376
2782,2782
2773,2773
3068,3068
3126,3126
3447,3447
3404,3404
3755,3755
3674,3674
3318,3318
2629,2629
2326,2326
2028,2028
1956,1956
1356,1356
994,994
746,746
680,680
602,602
621,621
742,742
1042,1042
1341,1341
1404.726833,1747
1460.516161,2257
2845,2845
3264,3264
3356,3356
3640,3640
3469,3469
3639,3639
3514,3514
3584,3584
3331,3331
2776,2776
2331,2331
1834,1834
1342,1342
976,976
672,672
554,554
532,532
586,586
923,923
1319,1319
1692,1692
2024,2024
2002.899311,2151
2208,2208
2229,2229
2497,2497
2640,2640
2757,2757
3069,3069
1302,1302
1370.714462,312
312,312
312,312
312,312
312,312
312,312
312,312
312,312
324,324
324,324
324,324
324,324
513.362669,324
666,666
1703,1703
2032,2032
2082,2082
2099,2099
2006,2006
1986.884145,2242
2295,2295
2869,2869
3164,3164
3807,3807
3564.992196,4056
3972,3972
3057,3057
2088,2088
1666,1666
1101,1101
898,898
694,694
498,498
476,476
477,477
534,534
884,884
1271,1271
1666,1666
2026,2026
2053,2053
2090,2090
2168,2168
1945,1945
1941,1941
2411,2411
2987,2987
3707,3707
4078,4078
3803.005331,3994
3562.030604,3216
2106,2106
1475,1475
999,999
1104.787683,1089
869,869
557,557
1184,1184
624,624
271,271
692,692
1198,1198
1662,1662
2915,2915
2783.367586,2517
1770,1770
1701,1701
1872,1872
1965,1965
2562,2562
3305,3305
3863,3863
4150,4150
3986,3986
3413,3413
2177,2177
1562,1562
978,978
920,920
515,515
482,482
651.6802797,340
312,312
387,387
568.2289728,1519
1267,1267
1386,1386
1559,1559
1998,1998
1766,1766
1887,1887
2061,2061
2134,2134
2099.125228,2594
3438,3438
3809,3809
3945,3945
4171,4171
3884.977068,3359
2406,2406
1770,1770
1150,1150
1030,1030
994,994
472,472
303,303
541,541
400,400
447,447
526,526
820,820
1582,1582
1751,1751
2214,2214
2172,2172
2212,2212
2392,2392
2542,2542
2925,2925
3126,3126
3439,3439
3450,3450
3145,3145
2496,2496
2416.638681,1976
1583,1583
1364,1364
1366,1366
815,815
898,898
586,586
742.3908655,511
384,384
569,569
953,953
1284,1284
2032,2032
2216,2216
2124,2124
2577,2577
2631,2631
2862,2862
2737.406171,2979
3229,3229
3311,3311
3131.203577,3239
2973.602577,2803
2345,2345
1856,1856
1855.689999,1370
978,978
1416,1416
503,503
483,483
652.0055221,217
325,325
676,676
1008,1008
1112.144171,1847
2715,2715
1963,1963
2519,2519
1690,1690
1929,1929
2596,2596
2834,2834
3137,3137
3471,3471
3943,3943
3905,3905
3022,3022
1922,1922
1450,1450
983,983
794,794
628,628
527,527
457,457
464,464
542,542
822,822
1330,1330
1744,1744
2136,2136
2106,2106
2074.689772,2122
2345,2345
2237,2237
2326,2326
2794,2794
2677.844599,2951
3597,3597
3381.972339,4103
3871,3871
3199,3199
2245,2245
1669,1669
1342,1342
955,955
781,781
227,227
165,165
157,157
199,199
716,716
1335,1335
1408,1408
1776,1776
1880,1880
2452,2452
1661,1661
1760,1760
1933,1933
2280,2280
3021,3021
2876.918829,3638
4104,4104
4084,4084
3129,3129
1941,1941
1930.194519,1361
935,935
758,758
433,433
252,252
215,215
1293,1293
304,304
541,541
1129,1129
1560,1560
1814,1814
3049,3049
2337,2337
1682,1682
1749,1749
1761.736495,1987
2440,2440
2973,2973
3675,3675
4126,4126
3845.819474,3795
3295,3295
2098,2098
1408,1408
947,947
765,765
507,507
320,320
769,769
879,879
417,417
497,497
882,882
1637,1637
2086,2086
2057.09791,3467
2611,2611
1833,1833
2012,2012
2256,2256
2676,2676
3172,3172
3719,3719
3488.896421,3980
4131,4131
3195,3195
2231,2231
1545,1545
980,980
1049,1049
1148.252479,1346
625,625
1294,1294
309,309
495,495
543,543
793,793
850,850
1457,1457
2349,2349
2251,2251
2244,2244
2195.606048,2383
2261,2261
2501,2501
2810,2810
3058,3058
3139,3139
3204,3204
2547,2547
2461.367362,2035
1433,1433
1367,1367
1075,1075
782,782
534,534
517,517
2799,2799
2794,2794
1748,1748
652,652
768,768
1004,1004
1108.942076,1578
2009,2009
1906,1906
2447,2447
2501,2501
2571,2571
2720,2720
2870,2870
2870,2870
2628,2628
2532.087141,2348
1983,1983
1456,1456
1179,1179
746,746
483,483
652.3632289,311
800.7607053,1068
279,279
420,420
811,811
839,839
1323,1323
1594,1594
1677,1677
2285,2285
1597,1597
1723,1723
1738.875894,1878
2030,2030
2621,2621
3454,3454
3924,3924
3668.117998,3666
2289,2289
1444,1444
1213,1213
953,953
1367,1367
881,881
474,474
366,366
444,444
390,390
547,547
1009,1009
1577,1577
1830,1830
1903,1903
1926,1926
1975,1975
2245,2245
2143,2143
2106.863919,2358
2533,2533
3260,3260
3458,3458
3364,3364
2642,2642
1600,1600
1157,1157
1197,1197
1132,1132
671,671
816.8925017,961
1720,1720
1739,1739
973,973
579,579
1385,1385
2630,2630
3688,3688
1593,1593
2620,2620
1774,1774
1702,1702
1828,1828
2291,2291
2891,2891
3548,3548
4077,4077
3758,3758
3242,3242
1815,1815
1678,1678
743,743
736,736
1589,1589
516,516
470,470
466,466
534,534
845,845
1321,1321
1386.818388,1799
1444.453854,2099
2120,2120
2359,2359
2255,2255
2204.805289,2420
2701,2701
2595.437832,2934
3126,3126
2967.751528,3676
4048,4048
3982,3982
3513,3513
2472,2472
1770,1770
1448,1448
1129,1129
847,847
480,480
878,878
1118,1118
2707,2707
556,556
1189,1189
1065,1065
1315,1315
2048,2048
2547,2547
1732,1732
2004,2004
2225,2225
2636,2636
3241,3241
3807,3807
4133,4133
3968,3968
3405,3405
2043,2043
2019.331635,1465
1032,1032
1150,1150
1682,1682
778,778
635,635
599,599
755.0593111,572
686,686
800,800
930.9432499,1203
1682,1682
2048,2048
2331,2331
2539,2539
2768,2768
3021,3021
3003,3003
3046,3046
3404,3404
3293,3293
3214,3214
2728,2728
2352,2352
2064,2064
2037.778311,1988
1555,1555
1219,1219
466,466
344,344
531.5681699,908
187,187
760,760
622,622
696,696
1166,1166
2033,2033
1865,1865
2114,2114
2305,2305
2475,2475
2692,2692
2587.575263,2755
3035,3035
3122,3122
2840,2840
2131,2131
2263,2263
1657,1657
1062,1062
874,874
826,826
452,452
259,259
770,770
277,277
472.5145358,794
1159,1159
1409,1409
2759,2759
2637,2637
1625,1625
1607,1607
1728,1728
1946,1946
2272,2272
2566,2566
3349,3349
3162.866423,3859
3402,3402
2348,2348
1318,1318
1384.486727,1225
1113,1113
700,700
843.2991094,996
1510,1510
2467,2467
1081,1081
339,339
741,741
1164,1164
2300,2300
3605,3605
1814,1814
2968,2968
3474,3474
3418,3418
2123,2123
2050,2050
2553,2553
3104,3104
3403,3403
3345,3345
3057,3057
2906.641819,1920
1391,1391
1102,1102
2520,2520
1417,1417
525,525
451,451
460,460
502,502
782,782
1341,1341
1404.957622,1741
2102,2102
2103,2103
2182,2182
2140.700467,2243
2273,2273
2666,2666
2896,2896
3152,3152
3745,3745
4041,4041
3923,3923
3392,3392
2056,2056
1543,1543
1581.854308,1066
880,880
675,675
390,390
230,230
220,220
307,307
1404,1404
2193,2193
2508,2508
2567,2567
2477.68327,2190
1479,1479
1845,1845
1757,1757
1978,1978
1962.318785,2540
3148,3148
3988,3988
4203,4203
4035,4035
3762.78186,3364
2146,2146
1372,1372
1729,1729
2181,2181
549,549
520,520
373,373
486,486
1388,1388
2591,2591
2152,2152
1035,1035
1230,1230
1985,1985
2061,2061
2034.939659,2080
2146,2146
2251,2251
2723,2723
3170,3170
3005.030856,3767
4077,4077
3978,3978
3712.293725,3434
2062,2062
1407,1407
2269,2269
1198,1198
856,856
1667,1667
1690.522867,1518
2007,2007
2161,2161
1262,1262
1336.388191,632
713,713
1187,1187
1904,1904
1765,1765
1958,1958
2349,2349
2423,2423
2574,2574
2637,2637
3254,3254
3078.30846,3529
3552,3552
2722,2722
1890,1890
2350,2350
1484,1484
1266,1266
1152,1152
1002,1002
744,744
600,600
564,564
566,566
762,762
899.0739544,1031
1374,1374
1823,1823
2415,2415
2999,2999
3877,3877
4068,4068
3840,3840
3709,3709
3646,3646
3604,3604
3382,3382
2724,2724
2279,2279
1899,1899
1624,1624
1155,1155
1242.826068,866
848,848
2091,2091
1886,1886
1882.188645,1349
1878.855756,1721
2686,2686
1131,1131
1308,1308
2116,2116
1736,1736
1613,1613
1698,1698
1801,1801
2175,2175
2704,2704
3548,3548
3841,3841
3592.07217,3705
3374.391995,2829
1413,1413
1759,1759
836,836
964.2788328,714
1094,1094
1189.817858,1064
2193,2193
2394,2394
315,315
509.006875,770
1746,1746
1351,1351
1414.622005,2263
1470.21701,2299
1632,1632
1644,1644
1789,1789
1915,1915
1926,1926
2994,2994
3550,3550
3336.609672,3939
4295,4295
3291,3291
1807,1807
1187,1187
944,944
668,668
817.8462229,393
560,560
1275,1275
400,400
303,303
498.6655604,778
1728,1728
3316,3316
3084,3084
2071,2071
2043.797036,1702
1715,1715
1842,1842
2009,2009
2460,2460
2997,2997
3957,3957
4327,4327
3943,3943
3192,3192
2052,2052
1360,1360
921,921
697,697
843.3933707,404
1174,1174
790,790
307,307
418,418
599.3758602,2128
2429,2429
2356.568223,2523
3478,3478
1857,1857
1503,1503
1688,1688
1744,1744
1853,1853
2339,2339
3159,3159
3793,3793
2947,2947
4489,4489
3547,3547
2077,2077
1357,1357
949,949
1102,1102
2244,2244
499,499
671.2993118,378
514,514
1786,1786
1794.953091,2180
1802.767983,876
1031,1031
1148,1148
2100,2100
1786,1786
1794.933728,1832
2043,2043
2283,2283
2684,2684
3227,3227
3852,3852
3647,3647
4324,4324
3340,3340
2133,2133
1431,1431
1144,1144
1154,1154
1078,1078
1164,1164
1420,1420
1163,1163
1346,1346
912,912
704,704
793,793
928.0421014,1303
2123,2123
2574,2574
2901,2901
2768.358541,3320
3181,3181
3352,3352
3172,3172
3490,3490
3475,3475
3604,3604
3090,3090
2224,2224
1901,1901
1885,1885
1665,1665
1260,1260
1878,1878
1269,1269
1418,1418
2344,2344
391,391
294,294
551,551
692,692
1716,1716
1725,1725
2065,2065
2327,2327
2415,2415
2540,2540
2632,2632
2841,2841
2840,2840
2715.190492,2815
2606.25764,2362
1816,1816
1360,1360
2423,2423
2064,2064
582,582
517,517
687.5903847,481
929,929
1649,1649
1799,1799
749,749
1050,1050
1223,1223
2028,2028
1789,1789
1887,1887
1995,1995
2065,2065
2463,2463
2944,2944
3820,3820
4051,4051
3999,3999
3257,3257
1633,1633
1661.721467,1278
1472,1472
784,784
663,663
1059,1059
1165,1165
1253.239453,1171
2273,2273
2122,2122
1179,1179
1086,1086
1790,1790
2454,2454
2377.999808,1681
1928,1928
2095,2095
2225,2225
2536,2536
3184,3184
3820,3820
4207,4207
4058,4058
3313,3313
2013,2013
1260,1260
1016,1016
740,740
425,425
270,270
213,213
272,272
2098,2098
2189,2189
1088,1088
1186.200454,1450
1787,1787
1796.058517,1742
1750,1750
2046,2046
2251,2251
2459,2459
2382.367837,2990
3654,3654
3666,3666
3763,3763
3755,3755
2822,2822
1824,1824
1428,1428
996,996
849,849
558,558
302,302
485,485
1900,1900
995,995
763,763
1066,1066
2727,2727
2583,2583
831,831
1160,1160
1696,1696
2075,2075
2376,2376
2927,2927
2790.37274,3501
2750,2750
2253,2253
2027,2027
1951,1951
2058,2058
2332,2332
2154,2154
1293,1293
675,675
362,362
212,212
1013,1013
393,393
1051,1051
518,518
1747,1747
1051,1051
1398,1398
1494,1494
2023,2023
2198,2198
2289,2289
2410,2410
2339.294104,2771
2803,2803
3058,3058
3092,3092
2468,2468
1743,1743
1483,1483
1082,1082
946,946
569,569
378,378
280,280
312,312
2128,2128
1034,1034
794,794
1360,1360
1777,1777
1787.220307,1476
1796.130109,1627
2099,2099
2311,2311
2284,2284
2574,2574
2909,2909
2774.296151,3102
3323,3323
3322,3322
2766,2766
1893,1893
1586,1586
1318,1318
1048,1048
689,689
423,423
268,268
1472,1472
1363,1363
1494,1494
1335,1335
1379,1379
1440.187458,961
1743,1743
1832,1832
2237,2237
2468,2468
2556,2556
2757,2757
2754,2754
2759,2759
2709,2709
2652,2652
2165,2165
1588,1588
1340,1340
1077,1077
629,629
375,375
228,228
166,166
1070,1070
630,630
852,852
1122,1122
2239,2239
1814,1814
1839,1839
1841.183593,1592
1664,1664
1708,1708
1910,1910
2177,2177
2685,2685
3575,3575
3355.12564,3783
3698,3698
3462.601416,2313
1422,1422
1044,1044
984,984
1338,1338
1404.469447,1628
755,755
330,330
395,395
506,506
642,642
984,984
1095.607419,1446
1192.912489,2649
2679,2679
1482,1482
1680,1680
1474,1474
1978,1978
2251,2251
2883,2883
3618,3618
3886,3886
3715,3715
2877,2877
1496,1496
1178,1178
1941,1941
912,912
546,546
511,511
570,570
1124,1124
1530,1530
2732,2732
2307,2307
1062,1062
1298,1298
1748,1748
1758,1758
1690,1690
1864,1864
1939,1939
2295,2295
2975,2975
3630,3630
3402.348268,3883
3203.935413,3981
3119,3119
1826,1826
1240,1240
2115,2115
2081.776395,1393
626,626
721,721
580,580
991,991
788,788
740,740
1399,1399
1457.700869,1827
1810,1810
2182,2182
2636,2636
1767,1767
2101,2101
2489,2489
2839,2839
3533,3533
2982,2982
2960,2960
3156,3156
2388,2388
1933,1933
1588,1588
950,950
969,969
1400,1400
632,632
539,539
507,507
530,530
867,867
1266,1266
1626,1626
1690,1690
1838,1838
2022,2022
2639,2639
2538.290916,2636
2671,2671
2969,2969
3199,3199
3660,3660
4103,4103
3724,3724
3370,3370
2266,2266
2213.478209,1498
1130,1130
1494,1494
1110,1110
785,785
686,686
602,602
579,579
667,667
769,769
1122,1122
1510,1510
1827,1827
1970,1970
2240,2240
2549,2549
2460.032372,2820
2751,2751
2778,2778
2958,2958
2998,2998
3062,3062
2505,2505
1896,1896
1753,1753
1671,1671
1694.841458,1544
1159,1159
903,903
689,689
568,568
561,561
535,535
607,607
864,864
1147,1147
1574,1574
2192,2192
2591,2591
2819,2819
3030,3030
3060,3060
2902,2902
2845,2845
3013,3013
2850,2850
2300,2300
1929,1929
1732,1732
1747.973205,1564
1761.897205,1181
845,845
223,223
160,160
170,170
311,311
1352,1352
1073,1073
1241,1241
1433,1433
1487.117096,1521
1468,1468
1519,1519
1705,1705
1730,1730
2027,2027
2614,2614
3285,3285
3533,3533
3603,3603
2297,2297
1402,1402
1066,1066
778,778
916.0872015,538
343,343
229,229
161,161
432,432
612,612
414,414
763,763
1307,1307
1742,1742
2865,2865
1676,1676
1546,1546
1776,1776
1890,1890
2116,2116
2777,2777
3652,3652
3947,3947
3613,3613
2920,2920
1802,1802
1233,1233
850,850
630,630
393,393
236,236
321,321
547,547
864,864
684,684
1008,1008
1116.240401,1858
1210.617732,2451
1292.907529,1781
2023,2023
1676,1676
1873,1873
1976,1976
2417,2417
3070,3070
3681,3681
4015,4015
3937,3937
3089,3089
1826,1826
1829.675067,1307
967,967
775,775
430,430
453,453
413,413
597.22002,702
588,588
1162,1162
1757,1757
2414,2414
2845,2845
1701,1701
1457,1457
1703,1703
1825,1825
1972,1972
2460,2460
3146,3146
3403,3403
3024,3024
2874.36065,3519
2851,2851
2004,2004
1415,1415
1202,1202
1058,1058
1022,1022
365,365
258,258
457,457
1322,1322
1985,1985
848,848
988,988
1060,1060
1695,1695
1660,1660
1789,1789
1936,1936
2173,2173
2545,2545
3074,3074
3810,3810
3907,3907
3721,3721
3105,3105
2261,2261
2949,2949
1756,1756
1153,1153
1006,1006
804,804
785,785
637,637
499,499
1078,1078
1104,1104
1557,1557
1784,1784
1626,1626
1305,1305
1548,1548
1663,1663
1813,1813
1818.164747,1952
2038,2038
2216,2216
2263,2263
2210.591879,2223
1775,1775
1457,1457
1507.73933,1341
1530,1530
1749,1749
1534,1534
475,475
327,327
496,496
192,192
404.2769135,914
347,347
1497,1497
2005,2005
1331,1331
1616,1616
2052,2052
2205,2205
2159.844674,2284
2444,2444
2368.275113,2455
2602,2602
2297,2297
2869,2869
1786,1786
1572,1572
1444,1444
1172,1172
742,742
1149,1149
1690,1690
954,954
384,384
1453,1453
2664,2664
1629,1629
1597,1597
1422,1422
1667,1667
1880,1880
1686,1686
1862,1862
1883,1883
2079,2079
2688,2688
3453,3453
3772,3772
3763,3763
2715,2715
1445,1445
1742,1742
1377,1377
847,847
542,542
615,615
514,514
500,500
673.2384163,565
871,871
1281,1281
1741,1741
1755.16869,2028
2060,2060
2183,2183
2193,2193
2149.232458,2363
2305,2305
2639,2639
3142,3142
3767,3767
4013,4013
3703,3703
3140,3140
2082,2082
1706,1706
1512,1512
1555.662047,1117
804,804
999,999
529,529
698.4600419,363
776,776
2250,2250
2198.997669,2665
2927,2927
2531,2531
1738,1738
1949,1949
1703,1703
1596,1596
1696,1696
2396,2396
2977,2977
3628,3628
3919,3919
3654.47873,3855
3049,3049
1872,1872
1303,1303
977,977
1639,1639
1066,1066
555,555
536,536
1679,1679
2496,2496
2662,2662
3060,3060
2383,2383
1356,1356
2312,2312
1868,1868
1866.086446,1686
1911,1911
1863,1863
2403,2403
3170,3170
3844,3844
4084,4084
3889,3889
3266,3266
1944,1944
1371,1371
1150,1150
2333,2333
697,697
699,699
847.437727,548
537,537
595,595
816,816
949.2741913,1170
1657,1657
1682.220023,1932
2130,2130
2211,2211
2667,2667
2763,2763
2995,2995
3143,3143
3389,3389
3563,3563
3947,3947
3679,3679
3272,3272
2435,2435
2066,2066
1794,1794
1524,1524
1153,1153
856,856
749,749
890.8325155,663
641,641
774,774
842,842
1156,1156
1508,1508
1813,1813
2445,2445
2749,2749
3011,3011
3065,3065
2909.771103,2989
2774.461294,3113
2656.514541,3421
3723,3723
3565,3565
3087,3087
2575,2575
2046,2046
2099,2099
1753,1753
1365,1365
1228,1228
1783,1783
1429,1429
1477,1477
1680,1680
2258,2258
1873,1873
687,687
1442,1442
1692,1692
1866,1866
2360,2360
2334,2334
2272.522988,2323
2218.943519,2695
2172.247047,2900
2885,2885
2793,2793
2294,2294
1672,1672
2020,2020
1342,1342
910,910
1031.361378,804
641,641
574,574
738.3591343,563
591,591
892,892
1321,1321
1389.456979,1701
2089,2089
2081,2081
2138,2138
2585,2585
2661,2661
2749,2749
2954,2954
3294,3294
3548,3548
3776,3776
3683,3683
3448.996551,2872
1977,1977
1573,1573
1399,1399
1037,1037
795,795
603,603
503,503
517,517
579,579
887,887
1257,1257
1647,1647
2051,2051
2025.850991,2056
2003.928205,2156
1984.817769,2507
2677,2677
2810,2810
2982,2982
3226,3226
3685,3685
3884,3884
3533,3533
2961,2961
2048,2048
1703,1703
1468,1468
1155,1155
849,849
977.9196788,599
530,530
534,534
598,598
880,880
1271,1271
1645,1645
2036,2036
1981,1981
2251,2251
2519,2519
2354,2354
1995,1995
2497,2497
3113,3113
3615,3615
3886,3886
3836,3836
3027,3027
2877.322906,1862
1344,1344
967,967
1080.825949,1200
697,697
447,447
463,463
1594,1594
1083,1083
915,915
1035.37191,1531
2167,2167
1697,1697
1554,1554
1646,1646
1624,1624
1923,1923
1925,1925
2510,2510
3167,3167
3095,3095
3072,3072
3096,3096
2437,2437
1857,1857
1427,1427
1481.954433,1193
1156,1156
725,725
297,297
191,191
998,998
394,394
1166,1166
762,762
2154,2154
1322,1322
1653,1653
1471,1471
1906,1906
1980,1980
2194,2194
2451,2451
2950,2950
3339,3339
3148.979045,3658
3513,3513
2896,2896
1991,1991
2188,2188
1387,1387
1080,1080
814,814
602,602
549,549
479,479
1320,1320
1388.555603,1075
964,964
1489,1489
1855,1855
1618,1618
1510,1510
1809,1809
2036,2036
2147,2147
2197,2197
2470,2470
2689,2689
2887,2887
2837,2837
2321,2321
1666,1666
1426,1426
1430,1430
1427,1427
1145,1145
484,484
354,354
932,932
1102,1102
1444,1444
1230,1230
1326,1326
826,826
1345,1345
1580,1580
2018,2018
2283,2283
2364,2364
2463,2463
2565,2565
2669,2669
2628,2628
2528.937162,2566
2442.573433,2025
1501,1501
1409,1409
1131,1131
1223.708549,730
1304.529646,726
258,258
189,189
342,342
511,511
1371,1371
1208,1208
1340,1340
1482,1482
1527,1527
1561,1561
1664,1664
1795,1795
1845,1845
2190,2190
2735,2735
3469,3469
3739,3739
3739,3739
2479,2479
1434,1434
1178,1178
1007,1007
795,795
930.6177795,540
511,511
254,254
422,422
576,576
559,559
910,910
1365,1365
2228,2228
2800,2800
1618,1618
1700,1700
2529,2529
2721,2721
2361,2361
2938,2938
3248,3248
3339,3339
3021,3021
2282,2282
1838,1838
1489,1489
1263,1263
1109,1109
796,796
534,534
367,367
557.1798943,396
723.0039508,461
1537,1537
3100,3100
2363,2363
2297.643601,1539
1643,1643
1669.929969,2077
2047,2047
2293,2293
2419,2419
2606,2606
3082,3082
3704,3704
4203,4203
4219,4219
3351,3351
1873,1873
1292,1292
1775,1775
1290,1290
649,649
423,423
327,327
507,507
357,357
674,674
990,990
1403,1403
2209,2209
3050,3050
3680,3680
2703,2703
2121,2121
2086.740174,2536
2567,2567
2715,2715
2746,2746
3354,3354
3192,3192
3020.729004,2835
2339,2339
2159,2159
2502,2502
2361,2361
2213,2213
667,667
630,630
576,576
566,566
786,786
922.7941528,1029
1324,1324
1500,1500
1691,1691
1971,1971
2454,2454
2317,2317
3040,3040
3099,3099
3157,3157
3234,3234
3028,3028
2893,2893
2461,2461
1949,1949
1795,1795
1802.658974,1545
1325,1325
1023,1023
358,358
275,275
262,262
192,192
314,314
871,871
2281,2281
2590,2590
1914,1914
3067,3067
3316,3316
1847,1847
1847.906734,1383
1728,1728
1744.158964,1763
1710,1710
1756,1756
1991,1991
2135,2135
1222,1222
1125,1125
1024,1024
1199,1199
1043,1043
