02/01/2022 00:00:00,424031,4,580,E,ML,.395,358,100,252,.0061,68.1,0,0,0,0,0,0,55,.0034,71.8,123,.01,69.3,74,.0048,63.5,,,,,,,,,,,,,,,
02/01/2022 01:00:00,424031,4,580,E,ML,.395,359,100,301,.0072,66.6,0,0,0,0,0,0,35,.0021,71.8,106,.0103,68.7,160,.0093,64,,,,,,,,,,,,,,,
02/01/2022 02:00:00,424031,4,580,E,ML,.395,356,100,1371,.046,45.9,.8,1.4,2,2.5,3.1,3.6,32,.0018,71.9,109,.01,69.6,1230,.1261,41.8,,,,,,,,,,,,,,,
02/01/2022 03:00:00,424031,4,580,E,ML,.395,359,100,718,.0325,35.3,2.2,3,3.6,4,4.4,4.8,62,.0034,71.9,110,.0117,68.2,546,.0824,25.8,,,,,,,,,,,,,,,
02/01/2022 04:00:00,424031,4,580,E,ML,.395,359,100,1291,.0611,44.1,.9,1.8,2.8,3.6,4.2,4.8,159,.0087,72,221,.0193,68.8,911,.1555,33.4,,,,,,,,,,,,,,,
02/01/2022 05:00:00,424031,4,580,E,ML,.395,360,100,2150,.1132,52.2,0,0,.5,1.7,2.7,3.6,394,.0222,70,315,.0245,69.9,1441,.2928,43.5,,,,,,,,,,,,,,,
02/01/2022 06:00:00,424031,4,580,E,ML,.395,360,100,3233,.2054,46.3,.3,2.2,4.5,6.4,8,9.3,627,.0377,67.1,453,.0359,65.2,2153,.5425,36.3,,,,,,,,,,,,,,,
02/01/2022 07:00:00,424031,4,580,E,ML,.395,360,100,3753,.2952,33.7,37.4,40.8,43.5,45.7,47.5,48.9,759,.0456,67.3,535,.0374,70.4,2459,.8024,14.9,,,,,,,,,,,,,,,
02/01/2022 08:00:00,424031,4,580,E,ML,.395,358,100,2665,.3154,37.5,59.9,61.7,63.2,64.3,65.3,66.1,763,.0456,67.4,591,.0439,68.5,1311,.8567,6.9,,,,,,,,,,,,,,,
02/01/2022 09:00:00,424031,4,580,E,ML,.395,360,100,2353,.0734,51.7,3.2,3.9,4.5,5,5.5,6.3,829,.0499,67.2,667,.0541,57.2,857,.1162,29,,,,,,,,,,,,,,,
02/01/2022 10:00:00,424031,4,580,E,ML,.395,198,58,1544,.0386,62.2,0,0,0,0,0,.3,674,.0404,68.4,693,.0577,56.9,177,.0176,58.7,,,,,,,,,,,,,,,
02/01/2022 11:00:00,424031,4,580,E,ML,.395,255,75,1673,.0406,63.5,0,0,0,0,0,.3,726,.0434,69.6,753,.0613,57.8,194,.0171,62.3,,,,,,,,,,,,,,,
02/01/2022 12:00:00,424031,4,580,E,ML,.395,360,100,1873,.0451,62.8,0,0,0,0,.1,.3,872,.0528,68.6,758,.0614,56.8,243,.021,60.1,,,,,,,,,,,,,,,
02/01/2022 13:00:00,424031,4,580,E,ML,.395,359,100,2196,.0502,64.6,0,0,0,0,0,.1,1032,.0606,69.5,843,.0647,60.7,321,.0253,59.1,,,,,,,,,,,,,,,
02/01/2022 14:00:00,424031,4,580,E,ML,.395,360,100,2688,.0589,65.5,0,0,0,0,0,.1,1073,.0618,68.6,954,.0654,67,661,.0495,58.4,,,,,,,,,,,,,,,
02/01/2022 15:00:00,424031,4,580,E,ML,.395,357,100,3366,.0734,65.4,0,0,0,0,0,.1,1290,.0745,67.9,1089,.0742,68.1,987,.0716,59.1,,,,,,,,,,,,,,,
02/01/2022 16:00:00,424031,4,580,E,ML,.395,360,100,4026,.0886,64.9,0,0,0,0,0,.3,1561,.0904,67.9,1285,.0879,67.5,1180,.0875,58.1,,,,,,,,,,,,,,,
02/01/2022 17:00:00,424031,4,580,E,ML,.395,360,100,3932,.0875,64.1,0,0,0,0,0,.3,1446,.0856,66.4,1203,.0823,67.7,1283,.0944,58.2,,,,,,,,,,,,,,,
02/01/2022 18:00:00,424031,4,580,E,ML,.395,360,100,3095,.0732,61.1,0,0,0,0,.2,.7,1162,.0715,64,1027,.074,64.4,906,.0741,53.7,,,,,,,,,,,,,,,
02/01/2022 19:00:00,424031,4,580,E,ML,.395,356,100,1787,.0401,66.5,0,0,0,0,0,0,763,.044,69.6,731,.054,65.6,293,.0224,59.9,,,,,,,,,,,,,,,
02/01/2022 20:00:00,424031,4,580,E,ML,.395,359,100,1090,.0241,68.1,0,0,0,0,0,0,423,.0236,71.5,515,.0369,67.1,152,.0119,61.7,,,,,,,,,,,,,,,
02/01/2022 21:00:00,424031,4,580,E,ML,.395,359,100,913,.0197,68.7,0,0,0,0,0,0,334,.0179,72,381,.0263,69.1,198,.0148,62.2,,,,,,,,,,,,,,,
02/01/2022 22:00:00,424031,4,580,E,ML,.395,360,100,1694,.0363,71.1,0,0,0,0,0,0,226,.0124,71.6,334,.023,69.9,1134,.0735,71.3,,,,,,,,,,,,,,,
02/01/2022 23:00:00,424031,4,580,E,ML,.395,355,100,2238,.0605,60.2,0,0,0,0,.4,.8,131,.0076,71.6,214,.0162,69.2,1893,.1577,58.2,,,,,,,,,,,,,,,
02/02/2022 00:00:00,424031,4,580,E,ML,.395,359,100,751,.0285,47.6,0,.3,.7,1.1,1.5,1.9,62,.0033,72,141,.0111,70.1,548,.0711,39.6,,,,,,,,,,,,,,,
02/02/2022 01:00:00,424031,4,580,E,ML,.395,359,100,954,.053,33.9,2.2,3.3,4.1,4.8,5.4,5.9,43,.0025,72,108,.0102,69.2,803,.1464,28.4,,,,,,,,,,,,,,,
02/02/2022 02:00:00,424031,4,580,E,ML,.395,360,100,1943,.1741,26.3,10.8,13.3,15.3,16.9,18.2,19.2,35,.0018,72.2,111,.0107,69.4,1797,.5098,22.9,,,,,,,,,,,,,,,
02/02/2022 03:00:00,424031,4,580,E,ML,.395,357,100,1159,.319,19.5,39,40.4,41.4,42.3,43,43.5,67,.0037,71.9,135,.0137,68,957,.9395,7.6,,,,,,,,,,,,,,,
02/02/2022 04:00:00,424031,4,580,E,ML,.395,316,100,480,.158,45.4,15.4,15.6,15.7,15.8,15.9,16,148,.0081,71.9,204,.018,69.9,128,.4479,3,,,,,,,,,,,,,,,
02/02/2022 05:00:00,424031,4,580,E,ML,.395,337,100,1156,.2906,45.1,40.3,40.9,41.3,41.6,41.9,42.2,401,.0232,70,359,.028,68.4,396,.8207,3.5,,,,,,,,,,,,,,,
02/02/2022 06:00:00,424031,4,580,E,ML,.395,344,100,1514,.3511,45.9,45.3,45.9,46.4,46.8,47.1,47.4,613,.0378,65.7,459,.0366,63.4,442,.9788,3.5,,,,,,,,,,,,,,,
02/02/2022 07:00:00,424031,4,580,E,ML,.395,310,100,1380,.1494,64.9,5.2,5.2,5.3,5.3,5.4,5.4,773,.0464,66.9,564,.0413,67,43,.3605,3,,,,,,,,,,,,,,,
02/02/2022 08:00:00,424031,4,580,E,ML,.395,345,100,1660,.1936,51.9,24.5,25,25.3,25.6,25.8,26,745,.0448,66.7,595,.0454,68.2,320,.4905,4.5,,,,,,,,,,,,,,,
02/02/2022 09:00:00,424031,4,580,E,ML,.395,360,100,3090,.1509,40.5,17.7,19.5,21,22.3,23.4,24.4,802,.0469,68.7,682,.0541,59.6,1606,.3518,18.2,,,,,,,,,,,,,,,
02/02/2022 10:00:00,424031,4,580,E,ML,.395,359,100,1850,.0465,60.9,0,0,0,0,.1,.5,771,.047,66.1,731,.0628,55,348,.0297,61.3,,,,,,,,,,,,,,,
02/02/2022 11:00:00,424031,4,580,E,ML,.395,149,50,1617,.0385,63.6,0,0,0,0,0,.2,676,.0388,70.4,763,.0621,58.3,178,.0148,60.5,,,,,,,,,,,,,,,
02/02/2022 12:00:00,424031,4,580,E,ML,.395,305,92,2040,.0503,61.2,0,0,0,.1,.2,.5,917,.0553,67.1,844,.0705,55.3,279,.0251,59.1,,,,,,,,,,,,,,,
02/02/2022 13:00:00,424031,4,580,E,ML,.395,360,100,2193,.0513,63,0,0,0,0,.1,.4,1015,.0591,69.3,838,.0657,59,340,.029,54,,,,,,,,,,,,,,,
02/02/2022 14:00:00,424031,4,580,E,ML,.395,360,100,2800,.0625,64.5,0,0,0,0,.1,.4,1114,.0635,69.3,990,.0695,65.4,696,.0545,55.5,,,,,,,,,,,,,,,
02/02/2022 15:00:00,424031,4,580,E,ML,.395,357,100,3459,.0752,65.1,0,0,0,0,.1,.6,1304,.0747,68.9,1133,.0753,69.7,1022,.0755,55,,,,,,,,,,,,,,,
02/02/2022 16:00:00,424031,4,580,E,ML,.395,360,100,4072,.0891,64.7,0,0,0,0,.1,.8,1607,.0933,68.1,1279,.0856,69.8,1186,.0885,54.5,,,,,,,,,,,,,,,
02/02/2022 17:00:00,424031,4,580,E,ML,.395,360,100,3914,.0857,64.4,0,0,0,0,.1,.9,1459,.0853,67.4,1234,.0803,70.8,1221,.0916,54.3,,,,,,,,,,,,,,,
02/02/2022 18:00:00,424031,4,580,E,ML,.395,360,100,2823,.0642,63,0,0,0,0,.2,.6,1048,.0619,66.8,955,.0655,66.8,820,.0651,53.6,,,,,,,,,,,,,,,
02/02/2022 19:00:00,424031,4,580,E,ML,.395,357,100,1693,.0377,66.7,0,0,0,0,0,.1,695,.0396,70.4,671,.0487,66.1,327,.0248,59.8,,,,,,,,,,,,,,,
02/02/2022 20:00:00,424031,4,580,E,ML,.395,359,100,1129,.0251,68.8,0,0,0,0,0,0,463,.0261,71.5,520,.0369,68.5,146,.0122,61.1,,,,,,,,,,,,,,,
02/02/2022 21:00:00,424031,4,580,E,ML,.395,360,100,1576,.0373,66.5,0,0,0,0,.1,.3,298,.0163,72.2,456,.0311,71.3,822,.0646,61.2,,,,,,,,,,,,,,,
02/02/2022 22:00:00,424031,4,580,E,ML,.395,360,100,1078,.0354,53,.2,.6,1.1,1.6,1.9,2.3,170,.0092,72.1,367,.0262,71.1,541,.0707,36.7,,,,,,,,,,,,,,,
02/02/2022 23:00:00,424031,4,580,E,ML,.395,357,100,1375,.049,42.6,1.3,2.2,3.1,4,4.7,5.4,105,.0057,72.1,226,.0161,70.6,1044,.1253,33.7,,,,,,,,,,,,,,,
02/03/2022 00:00:00,424031,4,580,E,ML,.395,270,56,588,.0153,64.5,0,0,0,0,0,0,42,.0022,71.9,150,.0109,70.2,396,.033,61.6,,,,,,,,,,,,,,,
02/03/2022 01:00:00,424031,4,580,E,ML,.395,359,67,565,.0157,64.2,0,0,0,0,0,0,42,.0024,71.9,129,.0117,69.9,394,.0332,61.5,,,,,,,,,,,,,,,
02/03/2022 02:00:00,424031,4,580,E,ML,.395,360,67,526,.0151,63.2,0,0,0,0,0,0,40,.0023,71.8,106,.0107,68.7,380,.0324,60.8,,,,,,,,,,,,,,,
02/03/2022 03:00:00,424031,4,580,E,ML,.395,357,67,564,.016,64.1,0,0,0,0,0,0,66,.0038,71.9,114,.0114,69.5,384,.0327,61.1,,,,,,,,,,,,,,,
02/03/2022 04:00:00,424031,4,580,E,ML,.395,360,67,835,.023,64.8,0,0,0,0,0,0,141,.0081,71.9,234,.0207,68.8,460,.0403,60.6,,,,,,,,,,,,,,,
02/03/2022 05:00:00,424031,4,580,E,ML,.395,359,67,1299,.0326,65.9,0,0,0,0,0,.1,317,.0178,71.5,410,.0313,68.3,572,.0486,60.9,,,,,,,,,,,,,,,
02/03/2022 06:00:00,424031,4,580,E,ML,.395,360,67,1701,.0415,66.9,0,0,0,0,0,0,496,.0278,71.8,545,.0407,70,660,.056,60.6,,,,,,,,,,,,,,,
02/03/2022 07:00:00,424031,4,580,E,ML,.395,339,67,2122,.0504,68.3,0,0,0,0,0,0,641,.0357,71.6,714,.0514,71.8,767,.0642,62.3,,,,,,,,,,,,,,,
02/03/2022 08:00:00,424031,4,580,E,ML,.395,349,67,2103,.05,68.6,0,0,0,0,0,0,642,.0363,70.9,702,.0505,72.4,759,.0633,63,,,,,,,,,,,,,,,
02/03/2022 09:00:00,424031,4,580,E,ML,.395,360,67,2285,.0568,62.5,0,0,0,0,0,.4,591,.0334,72.9,844,.0633,61.7,850,.0736,56.1,,,,,,,,,,,,,,,
02/03/2022 10:00:00,424031,4,580,E,ML,.395,359,67,2329,.0578,62.3,0,0,0,0,0,.5,611,.0344,73.6,859,.0646,61,859,.0745,55.5,,,,,,,,,,,,,,,
02/03/2022 11:00:00,424031,4,580,E,ML,.395,356,67,2394,.0615,60.3,0,0,0,0,.2,.9,676,.0387,71.9,858,.0682,58.1,860,.0775,53.4,,,,,,,,,,,,,,,
02/03/2022 12:00:00,424031,4,580,E,ML,.395,360,67,2591,.0648,61.3,0,0,0,0,.1,.7,712,.0404,72.3,958,.0729,59.8,921,.0811,54.4,,,,,,,,,,,,,,,
02/03/2022 13:00:00,424031,4,580,E,ML,.395,360,67,2925,.0704,63,0,0,0,0,0,.5,930,.0515,71.9,1028,.0762,61.6,967,.0837,55.9,,,,,,,,,,,,,,,
02/03/2022 14:00:00,424031,4,580,E,ML,.395,360,67,3166,.0733,64.6,0,0,0,0,0,.2,1105,.0629,70.3,1067,.0748,64.8,994,.0821,58.1,,,,,,,,,,,,,,,
02/03/2022 15:00:00,424031,4,580,E,ML,.395,357,67,3648,.0833,65.2,0,0,0,0,0,.1,1429,.0827,68.9,1164,.0808,66.2,1055,.0865,58.9,,,,,,,,,,,,,,,
02/03/2022 16:00:00,424031,4,580,E,ML,.395,360,67,4049,.0916,65.3,0,0,0,0,0,.1,1622,.0951,68.3,1291,.088,66.9,1136,.0916,59.3,,,,,,,,,,,,,,,
02/03/2022 17:00:00,424031,4,580,E,ML,.395,360,67,3906,.0879,65.9,0,0,0,0,0,0,1475,.0871,67.6,1295,.0864,68.7,1136,.0901,60.6,,,,,,,,,,,,,,,
02/03/2022 18:00:00,424031,4,580,E,ML,.395,360,67,3131,.0715,65.2,0,0,0,0,0,0,1110,.0662,66.6,1043,.07,68.1,978,.0783,60.5,,,,,,,,,,,,,,,
02/03/2022 19:00:00,424031,4,580,E,ML,.395,357,67,2245,.0538,64.7,0,0,0,0,0,.1,757,.0444,69.5,719,.0522,66.4,769,.0648,58.4,,,,,,,,,,,,,,,
02/03/2022 20:00:00,424031,4,580,E,ML,.395,360,67,1690,.0402,65.7,0,0,0,0,0,0,497,.0286,70.4,539,.0382,68.3,654,.0538,59.9,,,,,,,,,,,,,,,
02/03/2022 21:00:00,424031,4,580,E,ML,.395,358,67,1376,.0325,66.7,0,0,0,0,0,0,281,.0155,71.7,479,.0325,70.3,616,.0495,61.7,,,,,,,,,,,,,,,
02/03/2022 22:00:00,424031,4,580,E,ML,.395,360,67,1025,.0243,66.2,0,0,0,0,0,0,200,.0106,72.2,314,.0214,70.1,511,.0408,61.5,,,,,,,,,,,,,,,
02/03/2022 23:00:00,424031,4,580,E,ML,.395,357,67,806,.0196,65.1,0,0,0,0,0,0,102,.0055,71.9,240,.0164,69.5,464,.0369,61.3,,,,,,,,,,,,,,,
02/04/2022 00:00:00,424031,4,580,E,ML,.395,354,100,1265,.0418,50.6,0,0,.1,.6,1.3,2,52,.003,71.8,150,.0115,69.2,1063,.1109,46.9,,,,,,,,,,,,,,,
02/04/2022 01:00:00,424031,4,580,E,ML,.395,359,100,948,.0429,41.2,.5,1.3,2,2.7,3.2,3.7,36,.0023,71.7,140,.013,68.9,772,.1135,34.8,,,,,,,,,,,,,,,
02/04/2022 02:00:00,424031,4,580,E,ML,.395,359,100,950,.0421,52.7,0,0,0,.1,.6,1.1,30,.0017,71.8,104,.01,69.2,816,.1146,49.9,,,,,,,,,,,,,,,
02/04/2022 03:00:00,424031,4,580,E,ML,.395,356,100,1521,.1028,54.2,0,0,0,.1,.7,1.3,58,.0036,71.7,118,.0115,69.3,1345,.2933,52.1,,,,,,,,,,,,,,,
02/04/2022 04:00:00,424031,4,580,E,ML,.395,359,100,2883,.2385,45,0,.4,2.3,4.5,6.2,7.7,149,.0086,71.5,247,.0219,70.4,2487,.685,40.7,,,,,,,,,,,,,,,
02/04/2022 05:00:00,424031,4,580,E,ML,.395,359,100,2797,.2903,37.8,9.4,12.2,14.5,16.3,17.8,19.1,287,.0155,71.8,419,.0313,70.1,2091,.8241,25.1,,,,,,,,,,,,,,,
02/04/2022 06:00:00,424031,4,580,E,ML,.395,349,100,1842,.3403,39,50.7,51.9,52.9,53.6,54.2,54.7,460,.0252,71.7,536,.0412,67.5,846,.9546,5.5,,,,,,,,,,,,,,,
02/04/2022 07:00:00,424031,4,580,E,ML,.395,353,100,2575,.3327,38.2,68.5,70.3,71.7,72.8,73.8,74.6,601,.0332,71.4,682,.0477,73.7,1292,.9171,6.1,,,,,,,,,,,,,,,
02/04/2022 08:00:00,424031,4,580,E,ML,.395,359,100,3420,.2612,35.6,48.8,51.8,54.1,55.9,57.4,58.7,612,.0341,72,704,.052,72.1,2104,.6974,11.5,,,,,,,,,,,,,,,
02/04/2022 09:00:00,424031,4,580,E,ML,.395,360,100,2156,.06,58.1,.4,.7,.9,1.2,1.5,1.9,627,.036,70.9,793,.0617,58.7,736,.0824,44,,,,,,,,,,,,,,,
02/04/2022 10:00:00,424031,4,580,E,ML,.395,360,100,1817,.0439,63.4,0,0,0,0,0,.2,669,.0384,71.1,869,.0669,58.9,279,.0263,58.9,,,,,,,,,,,,,,,
02/04/2022 11:00:00,424031,4,580,E,ML,.395,357,100,1986,.0466,64.3,0,0,0,0,0,.1,727,.042,70.7,964,.0715,61,295,.0262,59.2,,,,,,,,,,,,,,,
02/04/2022 12:00:00,424031,4,580,E,ML,.395,360,100,2183,.0509,64.9,0,0,0,0,0,.1,809,.0458,72.1,978,.0727,61.2,396,.034,59,,,,,,,,,,,,,,,
02/04/2022 13:00:00,424031,4,580,E,ML,.395,360,100,2520,.0567,63.3,0,0,0,0,0,.1,1009,.0583,67,1031,.0761,61.5,480,.0357,59.2,,,,,,,,,,,,,,,
02/04/2022 14:00:00,424031,4,580,E,ML,.395,360,100,3116,.0669,64.8,0,0,0,0,0,.1,1189,.0676,67.5,1094,.0756,65.5,833,.0573,59.8,,,,,,,,,,,,,,,
02/04/2022 15:00:00,424031,4,580,E,ML,.395,357,100,1225,.0244,68.8,0,0,0,0,0,0,375,.0201,70.5,536,.0333,71.5,314,.0198,61.9,,,,,,,,,,,,,,,
02/04/2022 16:00:00,424031,4,580,E,ML,.395,360,100,2741,.069,55.4,0,0,0,.3,1.1,2.1,1024,.0719,56.9,849,.0657,57.8,868,.0693,51.4,,,,,,,,,,,,,,,
02/04/2022 17:00:00,424031,4,580,E,ML,.395,360,100,4814,.1184,54.6,0,0,0,.2,1.2,3.3,1773,.1182,57.3,1427,.1095,56.5,1614,.1274,50,,,,,,,,,,,,,,,
02/04/2022 18:00:00,424031,4,580,E,ML,.395,360,100,4018,.1016,53.3,0,0,.2,.7,1.9,3.6,1503,.1018,56.4,1236,.0953,55.9,1279,.1077,47.1,,,,,,,,,,,,,,,
02/04/2022 19:00:00,424031,4,580,E,ML,.395,357,100,2235,.0481,65.9,0,0,0,0,0,0,958,.0559,70.8,854,.0588,62.3,423,.0296,62,,,,,,,,,,,,,,,
02/04/2022 20:00:00,424031,4,580,E,ML,.395,359,100,1424,.0295,70.7,0,0,0,0,0,0,605,.0341,72.6,638,.0419,71.1,181,.0123,62.8,,,,,,,,,,,,,,,
02/04/2022 21:00:00,424031,4,580,E,ML,.395,358,100,988,.0212,68.7,0,0,0,0,0,0,343,.0187,72.5,487,.0334,68,158,.0116,62.2,,,,,,,,,,,,,,,
02/04/2022 22:00:00,424031,4,580,E,ML,.395,359,100,851,.0186,69.1,0,0,0,0,0,0,270,.0146,72.5,450,.0309,69.1,131,.0102,62.1,,,,,,,,,,,,,,,
02/04/2022 23:00:00,424031,4,580,E,ML,.395,356,100,575,.0131,68.2,0,0,0,0,0,0,147,.008,72,327,.0227,68.4,101,.0087,61.9,,,,,,,,,,,,,,,
02/05/2022 00:00:00,424031,4,580,E,ML,.395,353,67,730,.0189,63.8,0,0,0,0,0,0,82,.0047,71.9,206,.0157,68.2,442,.0363,60.3,,,,,,,,,,,,,,,
02/05/2022 01:00:00,424031,4,580,E,ML,.395,93,22,474,.0145,62.9,0,0,0,0,0,.1,69,.0041,71.8,115,.01,68.7,290,.0295,58.5,,,,,,,,,,,,,,,
02/05/2022 02:00:00,424031,4,580,E,ML,.395,360,67,581,.0159,63.7,0,0,0,0,0,0,41,.0023,72.1,139,.012,69.2,401,.0335,60.9,,,,,,,,,,,,,,,
02/05/2022 03:00:00,424031,4,580,E,ML,.395,306,61,545,.0153,61.1,0,0,0,0,.1,.1,37,.0021,71.8,103,.0082,69,405,.0355,58,,,,,,,,,,,,,,,
02/05/2022 04:00:00,424031,4,580,E,ML,.395,0,0,1302,.0418,49.1,0,0,.4,1.1,1.8,2.5,109,.0063,71.8,137,.0107,68.7,1056,.1084,44.4,,,,,,,,,,,,,,,
02/05/2022 05:00:00,424031,4,580,E,ML,.395,0,0,1608,.0575,47.5,.1,.5,1.4,2.3,3.2,3.9,160,.0085,71.9,204,.0147,68.7,1244,.1492,40.6,,,,,,,,,,,,,,,
02/05/2022 06:00:00,424031,4,580,E,ML,.395,0,0,1250,.0468,52.4,0,.3,1,1.6,2.1,2.5,274,.0153,71.5,288,.0196,67.9,688,.1055,38.5,,,,,,,,,,,,,,,
02/05/2022 07:00:00,424031,4,580,E,ML,.395,0,0,1726,.0573,56.6,0,0,.2,.8,1.4,2,394,.0221,71.3,393,.0262,68.2,939,.1235,45.5,,,,,,,,,,,,,,,
02/05/2022 08:00:00,424031,4,580,E,ML,.395,0,0,2248,.099,45.5,6.1,7.8,9.1,10.1,10.9,11.6,554,.0311,71.4,520,.0344,67.1,1174,.2313,24,,,,,,,,,,,,,,,
02/05/2022 09:00:00,424031,4,580,E,ML,.395,0,0,1844,.0444,61.4,.3,.5,.8,1.1,1.3,1.6,703,.0395,70.8,656,.0439,66.1,485,.0497,40.2,,,,,,,,,,,,,,,
02/05/2022 10:00:00,424031,4,580,E,ML,.395,0,0,1837,.0382,67.5,0,0,0,0,0,0,884,.0499,69.9,787,.0516,65.9,166,.0129,62.3,,,,,,,,,,,,,,,
02/05/2022 11:00:00,424031,4,580,E,ML,.395,0,0,2069,.0423,66.1,0,0,0,0,0,0,993,.0564,68.7,863,.056,64,213,.0146,62.8,,,,,,,,,,,,,,,
02/05/2022 12:00:00,424031,4,580,E,ML,.395,0,0,2276,.0464,65.5,0,0,0,0,0,0,1086,.0619,67.8,938,.0601,63.9,252,.0174,62,,,,,,,,,,,,,,,
02/05/2022 13:00:00,424031,4,580,E,ML,.395,0,0,2340,.047,66.2,0,0,0,0,0,0,1090,.062,68,971,.0609,65.3,279,.018,62.2,,,,,,,,,,,,,,,
02/05/2022 14:00:00,424031,4,580,E,ML,.395,0,0,2552,.0499,68.4,0,0,0,0,0,0,1030,.0571,71.3,1018,.0613,68.5,504,.0314,62.1,,,,,,,,,,,,,,,
02/05/2022 15:00:00,424031,4,580,E,ML,.395,0,0,2844,.0554,68.8,0,0,0,0,0,0,1152,.063,71.6,1111,.0669,69.5,581,.0361,62,,,,,,,,,,,,,,,
02/05/2022 16:00:00,424031,4,580,E,ML,.395,0,0,3048,.0606,68.1,0,0,0,0,0,0,1226,.0685,70.5,1188,.0727,68.3,634,.0405,63.3,,,,,,,,,,,,,,,
02/05/2022 17:00:00,424031,4,580,E,ML,.395,0,0,3137,.0652,66.5,0,0,0,0,0,0,1243,.0729,68.2,1209,.0769,66.3,685,.0457,63.8,,,,,,,,,,,,,,,
02/05/2022 18:00:00,424031,4,580,E,ML,.395,0,0,2661,.0563,64.7,0,0,0,0,0,0,1060,.0633,66.1,1071,.0696,63.8,530,.0361,63.6,,,,,,,,,,,,,,,
02/05/2022 19:00:00,424031,4,580,E,ML,.395,0,0,1739,.0357,67.9,0,0,0,0,0,0,755,.0433,70.4,768,.0498,66.9,216,.0141,62.8,,,,,,,,,,,,,,,
02/05/2022 20:00:00,424031,4,580,E,ML,.395,0,0,1235,.0246,69.1,0,0,0,0,0,0,536,.0296,71.5,582,.0362,68.2,117,.0081,62.9,,,,,,,,,,,,,,,
02/05/2022 21:00:00,424031,4,580,E,ML,.395,0,0,991,.0196,69.9,0,0,0,0,0,0,398,.0216,72,492,.0303,69.7,101,.0069,62.7,,,,,,,,,,,,,,,
02/05/2022 22:00:00,424031,4,580,E,ML,.395,0,0,882,.0176,69.2,0,0,0,0,0,0,352,.0191,71.3,444,.0276,68.8,86,.0062,62.5,,,,,,,,,,,,,,,
02/05/2022 23:00:00,424031,4,580,E,ML,.395,0,0,738,.0143,68,0,0,0,0,0,0,188,.0099,72,307,.0189,69.4,243,.0142,63.2,,,,,,,,,,,,,,,
02/06/2022 00:00:00,424031,4,580,E,ML,.395,0,0,671,.018,61.3,0,0,0,0,.1,.3,119,.0063,71.9,217,.014,69.3,335,.0337,52.6,,,,,,,,,,,,,,,
02/06/2022 01:00:00,424031,4,580,E,ML,.395,0,0,761,.0235,54.7,0,0,.1,.2,.6,.9,68,.0037,71.8,154,.0093,69.8,539,.0576,48.1,,,,,,,,,,,,,,,
02/06/2022 02:00:00,424031,4,580,E,ML,.395,0,0,686,.0259,59.6,0,0,0,0,.1,.3,48,.0025,72,138,.0096,69.5,500,.0656,55.6,,,,,,,,,,,,,,,
02/06/2022 03:00:00,424031,4,580,E,ML,.395,0,0,1000,.0381,68.8,0,0,0,0,0,0,40,.0021,71.8,115,.0079,69.3,845,.1042,68.6,,,,,,,,,,,,,,,
02/06/2022 04:00:00,424031,4,580,E,ML,.395,0,0,1343,.0521,70.4,0,0,0,0,0,0,47,.0024,71.9,113,.0074,69.7,1183,.1465,70.4,,,,,,,,,,,,,,,
02/06/2022 05:00:00,424031,4,580,E,ML,.395,0,0,1230,.0672,65.3,0,0,0,0,0,0,86,.0043,71.9,159,.011,69.1,985,.1862,64.1,,,,,,,,,,,,,,,
02/06/2022 06:00:00,424031,4,580,E,ML,.395,0,0,1628,.0894,34.5,7.6,9.2,10.5,11.6,12.5,13.2,153,.0078,71.9,241,.0153,69.2,1234,.2452,22.8,,,,,,,,,,,,,,,
02/06/2022 07:00:00,424031,4,580,E,ML,.395,0,0,1509,.0682,39.8,5.8,7.2,8.2,9,9.7,10.3,234,.0122,71.8,332,.0204,69.2,943,.1719,22.6,,,,,,,,,,,,,,,
02/06/2022 08:00:00,424031,4,580,E,ML,.395,0,0,2450,.1481,35.1,16.4,18.8,20.6,22.1,23.3,24.2,353,.0183,72.2,438,.0264,69.9,1659,.3998,18.6,,,,,,,,,,,,,,,
02/06/2022 09:00:00,424031,4,580,E,ML,.395,0,0,1647,.0389,61.9,.6,.9,1.1,1.4,1.6,1.8,559,.029,72.1,631,.0384,70.3,457,.0494,37.4,,,,,,,,,,,,,,,
02/06/2022 10:00:00,424031,4,580,E,ML,.395,92,22,1999,.0402,69.2,0,0,0,0,0,0,817,.0439,71.8,797,.0485,69.7,385,.0284,62.6,,,,,,,,,,,,,,,
02/06/2022 11:00:00,424031,4,580,E,ML,.395,360,67,3041,.0643,66,0,0,0,0,0,.1,1051,.058,70.7,1025,.0621,67.4,965,.0728,59.4,,,,,,,,,,,,,,,
02/06/2022 12:00:00,424031,4,580,E,ML,.395,356,67,3065,.0648,64.5,0,0,0,0,0,.1,1069,.0585,66.8,1027,.0627,67,969,.0732,59.3,,,,,,,,,,,,,,,
02/06/2022 13:00:00,424031,4,580,E,ML,.395,360,67,3431,.0735,63.5,0,0,0,0,0,.2,1271,.0709,65.5,1128,.0704,65.7,1032,.0792,58.5,,,,,,,,,,,,,,,
02/06/2022 14:00:00,424031,4,580,E,ML,.395,360,67,3367,.0693,65.7,0,0,0,0,0,0,1182,.0645,66.7,1144,.0675,69,1041,.0758,60.9,,,,,,,,,,,,,,,
02/06/2022 15:00:00,424031,4,580,E,ML,.395,360,67,3322,.0686,65.6,0,0,0,0,0,0,1178,.0636,67.4,1125,.067,68.4,1019,.0752,60.4,,,,,,,,,,,,,,,
02/06/2022 16:00:00,424031,4,580,E,ML,.395,357,67,3651,.0771,64.2,0,0,0,0,0,.1,1248,.0693,66,1280,.0785,66.9,1123,.0835,59.4,,,,,,,,,,,,,,,
02/06/2022 17:00:00,424031,4,580,E,ML,.395,360,67,3562,.0753,64.1,0,0,0,0,0,.1,1257,.0704,65.2,1218,.0744,67.2,1087,.0812,59.4,,,,,,,,,,,,,,,
02/06/2022 18:00:00,424031,4,580,E,ML,.395,359,67,3136,.0701,60.8,0,0,0,0,0,.4,1107,.066,61.6,1053,.0682,63.3,976,.076,57.1,,,,,,,,,,,,,,,
02/06/2022 19:00:00,424031,4,580,E,ML,.395,359,67,2518,.0554,66.5,0,0,0,0,0,.1,871,.05,71.6,816,.0518,68.4,831,.0645,59.3,,,,,,,,,,,,,,,
02/06/2022 20:00:00,424031,4,580,E,ML,.395,356,67,2125,.0481,65.3,0,0,0,0,0,.1,659,.038,70.6,706,.0462,66.8,760,.0602,59.2,,,,,,,,,,,,,,,
02/06/2022 21:00:00,424031,4,580,E,ML,.395,360,67,1867,.0408,67,0,0,0,0,0,0,548,.0306,70.6,615,.038,70.1,704,.0538,61.5,,,,,,,,,,,,,,,
02/06/2022 22:00:00,424031,4,580,E,ML,.395,359,67,1212,.0275,66.3,0,0,0,0,0,0,288,.0156,72,374,.024,69.3,550,.0429,61.2,,,,,,,,,,,,,,,
02/06/2022 23:00:00,424031,4,580,E,ML,.395,358,67,851,.0201,65,0,0,0,0,0,0,180,.0106,69.8,219,.0143,69.2,452,.0354,61.1,,,,,,,,,,,,,,,
02/07/2022 00:00:00,424031,4,580,E,ML,.395,356,100,248,.0071,68.2,0,0,0,0,0,0,56,.0072,65.6,165,.0113,69.5,27,.0028,62.1,,,,,,,,,,,,,,,
02/07/2022 01:00:00,424031,4,580,E,ML,.395,359,100,160,.0038,69.1,0,0,0,0,0,0,50,.0029,69.5,100,.0078,69.5,10,.0007,62.5,,,,,,,,,,,,,,,
02/07/2022 02:00:00,424031,4,580,E,ML,.395,359,100,172,.0048,68.7,0,0,0,0,0,0,44,.0026,71.7,111,.0103,68.4,17,.0016,62.6,,,,,,,,,,,,,,,
02/07/2022 03:00:00,424031,4,580,E,ML,.395,360,100,350,.0085,70.5,0,0,0,0,0,0,42,.0025,71.8,109,.0101,69.1,199,.0128,70.9,,,,,,,,,,,,,,,
02/07/2022 04:00:00,424031,4,580,E,ML,.395,357,100,1429,.052,69.6,0,0,0,0,0,0,181,.01,71.8,221,.0199,69.8,1027,.1261,69,,,,,,,,,,,,,,,
02/07/2022 05:00:00,424031,4,580,E,ML,.395,360,100,1953,.0871,62.9,0,0,0,0,.1,.4,344,.0185,72.1,434,.0318,71.1,1175,.2111,57,,,,,,,,,,,,,,,
02/07/2022 06:00:00,424031,4,580,E,ML,.395,360,100,2280,.1063,45.3,8,9.7,11,12.1,12.9,13.6,489,.0267,72.1,584,.0403,72.1,1207,.252,22.1,,,,,,,,,,,,,,,
02/07/2022 07:00:00,424031,4,580,E,ML,.395,359,100,3311,.177,38.5,18.5,21.4,23.6,25.4,26.9,28.1,599,.0336,70.4,675,.0468,70,2037,.4507,19.4,,,,,,,,,,,,,,,
02/07/2022 08:00:00,424031,4,580,E,ML,.395,357,100,2743,.1211,44.8,11.3,12.9,14.4,15.6,16.5,17.4,607,.034,70.5,763,.0521,72.3,1373,.2772,20.5,,,,,,,,,,,,,,,
02/07/2022 09:00:00,424031,4,580,E,ML,.395,360,100,1892,.0459,63.4,0,0,0,0,0,.2,599,.0344,69.8,757,.0564,60.1,536,.0468,60.6,,,,,,,,,,,,,,,
02/07/2022 10:00:00,424031,4,580,E,ML,.395,303,92,1429,.0338,63.9,0,0,0,0,0,.1,529,.0303,71.2,708,.0537,58.9,192,.0174,61.6,,,,,,,,,,,,,,,
02/07/2022 11:00:00,424031,4,580,E,ML,.395,137,42,1796,.0414,64.2,0,0,0,0,0,.1,709,.0404,70.9,857,.0648,59.4,230,.0191,61.5,,,,,,,,,,,,,,,
02/07/2022 12:00:00,424031,4,580,E,ML,.395,357,100,1835,.0431,62.9,0,0,0,0,0,.3,678,.0386,71.2,873,.0681,57.1,284,.0228,60.9,,,,,,,,,,,,,,,
02/07/2022 13:00:00,424031,4,580,E,ML,.395,360,100,2136,.0486,63.6,0,0,0,0,0,.2,857,.0497,69.9,936,.0712,58.4,343,.025,62.2,,,,,,,,,,,,,,,
02/07/2022 14:00:00,424031,4,580,E,ML,.395,360,100,2653,.0571,65,0,0,0,0,0,0,1066,.0603,68.5,962,.0685,62,625,.0426,63.6,,,,,,,,,,,,,,,
02/07/2022 15:00:00,424031,4,580,E,ML,.395,360,100,3283,.068,67,0,0,0,0,0,0,1224,.0693,68.7,1072,.0717,66,987,.0631,66,,,,,,,,,,,,,,,
02/07/2022 16:00:00,424031,4,580,E,ML,.395,356,100,3747,.0781,65.9,0,0,0,0,0,0,1425,.0816,68,1237,.0816,67.1,1085,.0712,61.6,,,,,,,,,,,,,,,
02/07/2022 17:00:00,424031,4,580,E,ML,.395,360,100,3902,.084,63.8,0,0,0,0,0,.2,1478,.088,65.2,1224,.082,66.9,1200,.0821,58.8,,,,,,,,,,,,,,,
02/07/2022 18:00:00,424031,4,580,E,ML,.395,360,100,2677,.0595,63.4,0,0,0,0,0,.1,1008,.0589,66.2,909,.065,62.3,760,.0546,61,,,,,,,,,,,,,,,
02/07/2022 19:00:00,424031,4,580,E,ML,.395,359,100,1618,.0356,66.2,0,0,0,0,0,0,700,.0401,71.1,637,.0478,61.9,281,.0188,63.8,,,,,,,,,,,,,,,
02/07/2022 20:00:00,424031,4,580,E,ML,.395,356,100,1051,.0227,68.5,0,0,0,0,0,0,421,.0237,71.5,496,.0352,67.4,134,.009,63.1,,,,,,,,,,,,,,,
02/07/2022 21:00:00,424031,4,580,E,ML,.395,360,100,783,.0174,66.2,0,0,0,0,0,0,349,.0202,69.2,343,.0255,63.9,91,.0065,62.5,,,,,,,,,,,,,,,
02/07/2022 22:00:00,424031,4,580,E,ML,.395,360,100,546,.0121,68.9,0,0,0,0,0,0,229,.0129,71.4,258,.0192,68.2,59,.0041,62.9,,,,,,,,,,,,,,,
02/07/2022 23:00:00,424031,4,580,E,ML,.395,360,100,337,.0077,69,0,0,0,0,0,0,115,.0064,71.8,178,.0136,68.7,44,.0032,62.6,,,,,,,,,,,,,,,
02/08/2022 00:00:00,424031,4,580,E,ML,.395,356,100,188,.0048,69.4,0,0,0,0,0,0,57,.0036,71.7,111,.0087,69.5,20,.002,62.2,,,,,,,,,,,,,,,
02/08/2022 01:00:00,424031,4,580,E,ML,.395,360,100,132,.0039,69.4,0,0,0,0,0,0,42,.0027,71.7,78,.008,69.2,12,.001,62.4,,,,,,,,,,,,,,,
02/08/2022 02:00:00,424031,4,580,E,ML,.395,358,100,137,.0042,69.5,0,0,0,0,0,0,43,.0024,71.9,84,.0086,69.2,10,.0014,62,,,,,,,,,,,,,,,
02/08/2022 03:00:00,424031,4,580,E,ML,.395,360,100,184,.0056,69,0,0,0,0,0,0,63,.0036,71.7,103,.0109,68.7,18,.0024,61.8,,,,,,,,,,,,,,,
02/08/2022 04:00:00,424031,4,580,E,ML,.395,355,100,839,.0208,69.7,0,0,0,0,0,0,205,.0127,70.8,222,.023,64.9,412,.0268,71.7,,,,,,,,,,,,,,,
02/08/2022 05:00:00,424031,4,580,E,ML,.395,360,100,2880,.0771,71.5,0,0,0,0,0,0,369,.0226,68.4,328,.0272,67.1,2183,.1815,72.7,,,,,,,,,,,,,,,
02/08/2022 06:00:00,424031,4,580,E,ML,.395,360,100,2179,.0617,57.3,0,.2,.4,.7,1.4,2,511,.0316,68.3,558,.0429,66.4,1110,.1107,47,,,,,,,,,,,,,,,
02/08/2022 07:00:00,424031,4,580,E,ML,.395,360,100,2041,.0665,54.6,1.5,2.5,3.2,3.8,4.3,4.7,649,.039,68.6,707,.0526,67.5,685,.1079,29.3,,,,,,,,,,,,,,,
02/08/2022 08:00:00,424031,4,580,E,ML,.395,357,100,2427,.0749,55.1,2.4,3.2,3.9,4.7,5.5,6.2,595,.0339,72.9,735,.0533,71.7,1097,.1376,32.4,,,,,,,,,,,,,,,
02/08/2022 09:00:00,424031,4,580,E,ML,.395,360,100,1753,.0427,64.1,0,0,0,0,.2,.4,669,.0387,71.8,811,.0616,62.3,273,.0278,50.3,,,,,,,,,,,,,,,
02/08/2022 10:00:00,424031,4,580,E,ML,.395,359,100,1709,.0412,65.5,0,0,0,0,0,.1,626,.0358,72.7,831,.0632,62.1,252,.0245,58.1,,,,,,,,,,,,,,,
02/08/2022 11:00:00,424031,4,580,E,ML,.395,353,100,1776,.0433,64,0,0,0,0,0,.1,636,.0373,70.8,854,.0685,59.5,286,.0242,62.5,,,,,,,,,,,,,,,
02/08/2022 12:00:00,424031,4,580,E,ML,.395,356,100,2075,.0482,65.7,0,0,0,0,0,0,799,.0463,71.1,960,.072,62.1,316,.0263,62.7,,,,,,,,,,,,,,,
02/08/2022 13:00:00,424031,4,580,E,ML,.395,360,100,2445,.0569,64.6,0,0,0,0,0,.1,989,.0587,69.7,1049,.0804,61,407,.0315,61.1,,,,,,,,,,,,,,,
02/08/2022 14:00:00,424031,4,580,E,ML,.395,360,100,2860,.0639,65.4,0,0,0,0,0,0,1103,.0641,68.3,1036,.0742,64.6,721,.0532,62.1,,,,,,,,,,,,,,,
02/08/2022 15:00:00,424031,4,580,E,ML,.395,360,100,3474,.0717,69.6,0,0,0,0,0,0,1301,.0735,70.2,1162,.0759,71.6,1011,.0659,66.5,,,,,,,,,,,,,,,
02/08/2022 16:00:00,424031,4,580,E,ML,.395,357,100,3870,.0812,67,0,0,0,0,0,0,1478,.0844,69.4,1247,.0828,68.9,1145,.0762,61.8,,,,,,,,,,,,,,,
02/08/2022 17:00:00,424031,4,580,E,ML,.395,360,100,3741,.0769,68.1,0,0,0,0,0,0,1360,.0783,68.8,1204,.0769,71.5,1177,.0756,63.7,,,,,,,,,,,,,,,
02/08/2022 18:00:00,424031,4,580,E,ML,.395,360,100,3106,.068,63.5,0,0,0,0,0,.1,1188,.0713,66.2,984,.0697,63.6,934,.0631,59.9,,,,,,,,,,,,,,,
02/08/2022 19:00:00,424031,4,580,E,ML,.395,359,100,1787,.0394,66.7,0,0,0,0,0,0,779,.0462,68.7,667,.0486,65.9,341,.0235,63.4,,,,,,,,,,,,,,,
02/08/2022 20:00:00,424031,4,580,E,ML,.395,357,100,1185,.0256,68.3,0,0,0,0,0,0,518,.0303,69.2,512,.0361,69.1,155,.0105,62.9,,,,,,,,,,,,,,,
02/08/2022 21:00:00,424031,4,580,E,ML,.395,360,100,844,.0187,67.2,0,0,0,0,0,0,368,.0211,69.8,362,.0273,66,114,.0077,62.5,,,,,,,,,,,,,,,
02/08/2022 22:00:00,424031,4,580,E,ML,.395,360,100,630,.0138,68,0,0,0,0,0,0,283,.0162,70.9,264,.0197,66.5,83,.0056,62.6,,,,,,,,,,,,,,,
02/08/2022 23:00:00,424031,4,580,E,ML,.395,359,100,369,.0084,69.2,0,0,0,0,0,0,142,.0078,71.8,181,.014,68.8,46,.0035,62.7,,,,,,,,,,,,,,,
02/09/2022 00:00:00,424031,4,580,E,ML,.395,356,100,188,.005,69.3,0,0,0,0,0,0,71,.0042,71.7,102,.0093,68.6,15,.0016,62.4,,,,,,,,,,,,,,,
02/09/2022 01:00:00,424031,4,580,E,ML,.395,360,100,164,.0042,69.9,0,0,0,0,0,0,71,.0045,71.5,80,.0068,69.7,13,.0014,62.3,,,,,,,,,,,,,,,
02/09/2022 02:00:00,424031,4,580,E,ML,.395,359,100,173,.0057,68.6,0,0,0,0,0,0,63,.0039,71.7,96,.0115,67.5,14,.0017,63.1,,,,,,,,,,,,,,,
02/09/2022 03:00:00,424031,4,580,E,ML,.395,358,100,168,.005,69.4,0,0,0,0,0,0,62,.0038,71.6,86,.009,68.9,20,.0023,64.4,,,,,,,,,,,,,,,
02/09/2022 04:00:00,424031,4,580,E,ML,.395,357,100,424,.0112,69,0,0,0,0,0,0,204,.0115,71.5,177,.0178,67.3,43,.0044,64.2,,,,,,,,,,,,,,,
02/09/2022 05:00:00,424031,4,580,E,ML,.395,359,100,899,.0207,69.1,0,0,0,0,0,0,435,.025,70.1,349,.0272,69.4,115,.0101,63.8,,,,,,,,,,,,,,,
02/09/2022 06:00:00,424031,4,580,E,ML,.395,360,100,1214,.0286,66.9,0,0,0,0,0,0,588,.0342,69.4,474,.0378,65.2,152,.0137,62.4,,,,,,,,,,,,,,,
02/09/2022 07:00:00,424031,4,580,E,ML,.395,359,100,1486,.0339,67.4,0,0,0,0,0,.1,771,.0454,68.8,541,.0399,68.6,174,.0165,57.4,,,,,,,,,,,,,,,
02/09/2022 08:00:00,424031,4,580,E,ML,.395,357,100,1859,.0428,69.9,0,0,0,0,0,0,775,.0465,68.5,637,.047,72.4,447,.0348,68.7,,,,,,,,,,,,,,,
02/09/2022 09:00:00,424031,4,580,E,ML,.395,360,100,1764,.044,61.8,0,0,0,0,.2,.5,839,.051,68.4,730,.0632,54.3,195,.0178,60.7,,,,,,,,,,,,,,,
02/09/2022 10:00:00,424031,4,580,E,ML,.395,360,100,1750,.0422,62.5,0,0,0,0,.1,.5,845,.0504,69.3,700,.058,54.4,205,.0183,61.2,,,,,,,,,,,,,,,
02/09/2022 11:00:00,424031,4,580,E,ML,.395,354,100,1378,.033,63.1,0,0,0,0,0,.1,648,.0397,67.9,566,.0453,57.8,164,.0138,62.1,,,,,,,,,,,,,,,
02/09/2022 12:00:00,424031,4,580,E,ML,.395,357,100,2287,.0552,61.7,0,0,0,0,.1,.5,1093,.0672,66.6,871,.0717,55.7,323,.0268,61.6,,,,,,,,,,,,,,,
02/09/2022 13:00:00,424031,4,580,E,ML,.395,359,100,2222,.0519,62.4,0,0,0,0,.1,.5,1015,.0603,68.3,885,.0727,55.5,322,.0227,63.1,,,,,,,,,,,,,,,
02/09/2022 14:00:00,424031,4,580,E,ML,.395,360,100,2859,.0619,65.8,0,0,0,0,0,0,1127,.0638,69.6,1010,.0711,64.1,722,.0507,62.3,,,,,,,,,,,,,,,
02/09/2022 15:00:00,424031,4,580,E,ML,.395,360,100,3500,.0722,67.5,0,0,0,0,0,0,1276,.0707,71,1147,.076,68.3,1077,.0699,62.5,,,,,,,,,,,,,,,
02/09/2022 16:00:00,424031,4,580,E,ML,.395,357,100,4172,.0883,66,0,0,0,0,0,.1,1593,.0914,68.9,1296,.086,68.3,1283,.0876,60,,,,,,,,,,,,,,,
02/09/2022 17:00:00,424031,4,580,E,ML,.395,360,100,3975,.0845,65.3,0,0,0,0,0,.1,1451,.0854,67,1260,.0837,68.3,1264,.0842,60.4,,,,,,,,,,,,,,,
02/09/2022 18:00:00,424031,4,580,E,ML,.395,360,100,3059,.0688,62.6,0,0,0,0,0,.3,1174,.0718,64.8,1014,.0723,64.4,871,.0624,57.6,,,,,,,,,,,,,,,
02/09/2022 19:00:00,424031,4,580,E,ML,.395,360,100,1855,.0404,67.2,0,0,0,0,0,0,836,.0496,69.2,720,.0515,66.4,299,.0201,63,,,,,,,,,,,,,,,
02/09/2022 20:00:00,424031,4,580,E,ML,.395,357,100,1171,.0251,68.8,0,0,0,0,0,0,488,.0284,70.1,518,.0356,69.5,165,.0112,62.8,,,,,,,,,,,,,,,
02/09/2022 21:00:00,424031,4,580,E,ML,.395,360,100,929,.0197,68.3,0,0,0,0,0,0,406,.0233,70.2,401,.0283,67.8,122,.0076,63.3,,,,,,,,,,,,,,,
02/09/2022 22:00:00,424031,4,580,E,ML,.395,359,100,644,.014,69.6,0,0,0,0,0,0,279,.0161,70.8,276,.0195,70.4,89,.0062,63.2,,,,,,,,,,,,,,,
02/09/2022 23:00:00,424031,4,580,E,ML,.395,358,100,433,.0101,68.5,0,0,0,0,0,0,173,.0097,71.6,197,.0156,67.7,63,.005,62.4,,,,,,,,,,,,,,,
02/10/2022 00:00:00,424031,4,580,E,ML,.395,357,100,218,.0053,69.6,0,0,0,0,0,0,83,.0049,71.7,119,.0094,69.1,16,.0016,62.5,,,,,,,,,,,,,,,
02/10/2022 01:00:00,424031,4,580,E,ML,.395,358,100,152,.0045,69.3,0,0,0,0,0,0,51,.0032,71.6,92,.0095,68.7,9,.0009,62.7,,,,,,,,,,,,,,,
02/10/2022 02:00:00,424031,4,580,E,ML,.395,359,100,155,.0052,69.1,0,0,0,0,0,0,53,.0035,71.6,93,.0107,68.4,9,.0013,62,,,,,,,,,,,,,,,
02/10/2022 03:00:00,424031,4,580,E,ML,.395,359,100,215,.0062,69.3,0,0,0,0,0,0,89,.0051,71.9,102,.011,68.5,24,.0025,63,,,,,,,,,,,,,,,
02/10/2022 04:00:00,424031,4,580,E,ML,.395,357,100,471,.0127,69.1,0,0,0,0,0,0,217,.0125,71.9,211,.0206,67.5,43,.005,62.9,,,,,,,,,,,,,,,
02/10/2022 05:00:00,424031,4,580,E,ML,.395,359,100,843,.0201,68.1,0,0,0,0,0,0,403,.0234,69.9,341,.0285,65.7,99,.0083,68.3,,,,,,,,,,,,,,,
02/10/2022 06:00:00,424031,4,580,E,ML,.395,359,100,1184,.0275,66.5,0,0,0,0,0,0,608,.0357,69.1,435,.0359,64.1,141,.011,62.4,,,,,,,,,,,,,,,
02/10/2022 07:00:00,424031,4,580,E,ML,.395,360,100,1459,.0325,68.1,0,0,0,0,0,0,730,.0436,67.5,560,.0397,71,169,.0143,60.6,,,,,,,,,,,,,,,
02/10/2022 08:00:00,424031,4,580,E,ML,.395,357,100,1543,.0354,67.5,0,0,0,0,0,.1,739,.0436,69.2,598,.0437,69,206,.019,56.7,,,,,,,,,,,,,,,
02/10/2022 09:00:00,424031,4,580,E,ML,.395,360,100,1599,.0383,63,0,0,0,0,0,.3,756,.0449,68.6,657,.0518,58.7,186,.0181,55.1,,,,,,,,,,,,,,,
02/10/2022 10:00:00,424031,4,580,E,ML,.395,360,100,1637,.0397,61.9,0,0,0,0,0,.3,752,.0463,66.8,710,.0578,56.5,175,.0152,61.7,,,,,,,,,,,,,,,
02/10/2022 11:00:00,424031,4,580,E,ML,.395,353,100,1956,.048,60.8,0,0,0,0,.1,.5,923,.0577,65.5,799,.0667,55.1,234,.0195,62.2,,,,,,,,,,,,,,,
02/10/2022 12:00:00,424031,4,580,E,ML,.395,357,100,2057,.0494,62,0,0,0,0,.1,.4,967,.0586,67.3,808,.0667,55.5,282,.023,62.2,,,,,,,,,,,,,,,
02/10/2022 13:00:00,424031,4,580,E,ML,.395,360,100,2353,.0533,63.5,0,0,0,0,0,.2,1087,.0644,67.4,918,.0708,59.1,348,.0249,62.7,,,,,,,,,,,,,,,
02/10/2022 14:00:00,424031,4,580,E,ML,.395,360,100,2966,.064,66.1,0,0,0,0,0,0,1193,.0686,69.1,1065,.0741,65.3,708,.0494,62.2,,,,,,,,,,,,,,,
02/10/2022 15:00:00,424031,4,580,E,ML,.395,360,100,3844,.0888,64.3,0,0,0,.1,.3,.7,1475,.0919,66.2,1259,.0902,66.6,1110,.0842,59.2,,,,,,,,,,,,,,,
02/10/2022 16:00:00,424031,4,580,E,ML,.395,357,100,4348,.0927,66.1,0,0,0,0,0,0,1662,.0974,67.9,1396,.0936,68.1,1290,.0872,61.6,,,,,,,,,,,,,,,
02/10/2022 17:00:00,424031,4,580,E,ML,.395,360,100,4116,.0868,67,0,0,0,0,0,0,1537,.0908,67.5,1282,.0837,70,1297,.0859,63.5,,,,,,,,,,,,,,,
02/10/2022 18:00:00,424031,4,580,E,ML,.395,360,100,3413,.0792,61.3,0,0,0,0,0,.4,1319,.0831,63.7,1101,.0815,62.3,993,.0729,57,,,,,,,,,,,,,,,
02/10/2022 19:00:00,424031,4,580,E,ML,.395,360,100,2152,.0478,66,0,0,0,0,0,0,949,.0571,67.5,783,.0558,67,420,.0304,61,,,,,,,,,,,,,,,
02/10/2022 20:00:00,424031,4,580,E,ML,.395,357,100,1348,.0294,67.8,0,0,0,0,0,0,616,.0359,69.2,509,.0358,68.4,223,.0165,62.4,,,,,,,,,,,,,,,
02/10/2022 21:00:00,424031,4,580,E,ML,.395,360,100,1004,.0217,67.4,0,0,0,0,0,0,471,.027,69.2,405,.0292,66.7,128,.009,63,,,,,,,,,,,,,,,
02/10/2022 22:00:00,424031,4,580,E,ML,.395,360,100,706,.0156,68.6,0,0,0,0,0,0,322,.0184,70.7,302,.0219,68,82,.0065,62.6,,,,,,,,,,,,,,,
02/10/2022 23:00:00,424031,4,580,E,ML,.395,359,100,429,.0102,68.3,0,0,0,0,0,0,177,.0102,71.4,206,.0163,66.8,46,.004,62.5,,,,,,,,,,,,,,,
02/11/2022 00:00:00,424031,4,580,E,ML,.395,356,100,256,.0064,69.4,0,0,0,0,0,0,104,.0062,71.7,126,.0098,69.2,26,.0034,61.2,,,,,,,,,,,,,,,
02/11/2022 01:00:00,424031,4,580,E,ML,.395,358,100,196,.0051,69.8,0,0,0,0,0,0,68,.004,71.7,114,.0102,69.6,14,.001,62.7,,,,,,,,,,,,,,,
02/11/2022 02:00:00,424031,4,580,E,ML,.395,360,100,142,.0045,69.5,0,0,0,0,0,0,44,.0029,71.7,87,.0092,69.2,11,.0015,62.7,,,,,,,,,,,,,,,
02/11/2022 03:00:00,424031,4,580,E,ML,.395,357,100,709,.0187,71.6,0,0,0,0,0,0,85,.0052,71.6,107,.0108,68.6,517,.0401,72.1,,,,,,,,,,,,,,,
02/11/2022 04:00:00,424031,4,580,E,ML,.395,356,100,1390,.0441,71.5,0,0,0,0,0,0,196,.012,70.9,195,.0198,65.7,999,.1005,72.7,,,,,,,,,,,,,,,
02/11/2022 05:00:00,424031,4,580,E,ML,.395,360,100,1496,.0544,71.4,0,0,0,0,0,0,398,.0227,70.6,324,.0252,68.9,774,.1154,72.7,,,,,,,,,,,,,,,
02/11/2022 06:00:00,424031,4,580,E,ML,.395,359,100,1624,.0587,52.3,2.6,3.3,3.8,4.3,4.8,5.1,574,.0328,69.2,434,.0333,66.3,616,.11,26.4,,,,,,,,,,,,,,,
02/11/2022 07:00:00,424031,4,580,E,ML,.395,360,100,1986,.0721,51.2,4.9,5.9,6.7,7.3,7.9,8.3,689,.0405,67.9,580,.043,69.7,717,.1327,21.8,,,,,,,,,,,,,,,
02/11/2022 08:00:00,424031,4,580,E,ML,.395,357,100,2425,.0815,47,4.8,6,6.8,7.7,8.5,9.3,747,.0449,67,610,.0479,57.3,1068,.1516,26.2,,,,,,,,,,,,,,,
02/11/2022 09:00:00,424031,4,580,E,ML,.395,360,100,1760,.0421,62.6,0,0,0,0,.1,.5,847,.0488,70,736,.0577,55.6,177,.0198,55.8,,,,,,,,,,,,,,,
02/11/2022 10:00:00,424031,4,580,E,ML,.395,360,100,1876,.0446,61.8,0,0,0,0,0,.4,889,.0544,67,765,.0596,55.9,222,.0198,61.1,,,,,,,,,,,,,,,
02/11/2022 11:00:00,424031,4,580,E,ML,.395,352,100,1892,.0435,62.5,0,0,0,0,.1,.4,874,.0522,67.9,780,.0603,56.1,238,.0181,63.5,,,,,,,,,,,,,,,
02/11/2022 12:00:00,424031,4,580,E,ML,.395,357,100,2270,.0534,61.8,0,0,0,0,.2,.5,1084,.0657,67.2,889,.0705,55.4,297,.0239,60.9,,,,,,,,,,,,,,,
02/11/2022 13:00:00,424031,4,580,E,ML,.395,360,100,2582,.0576,62,0,0,0,0,0,.3,1220,.0724,65.3,960,.0725,57.4,402,.0278,62.7,,,,,,,,,,,,,,,
02/11/2022 14:00:00,424031,4,580,E,ML,.395,359,100,3316,.0807,58.7,0,.1,.2,.4,.8,1.4,1310,.0811,62.7,1125,.0857,57.6,881,.0754,53.7,,,,,,,,,,,,,,,
02/11/2022 15:00:00,424031,4,580,E,ML,.395,360,100,3906,.0845,62.2,0,0,0,0,.1,.6,1449,.0845,65.5,1240,.0831,64.5,1217,.0858,56.1,,,,,,,,,,,,,,,
02/11/2022 16:00:00,424031,4,580,E,ML,.395,357,100,4137,.0884,63.2,0,0,0,0,0,.6,1574,.0902,66.9,1333,.0879,65.6,1230,.0871,55.9,,,,,,,,,,,,,,,
02/11/2022 17:00:00,424031,4,580,E,ML,.395,360,100,4066,.0862,63.4,0,0,0,0,0,.3,1542,.0914,64.9,1318,.0857,66.5,1206,.0815,58,,,,,,,,,,,,,,,
02/11/2022 18:00:00,424031,4,580,E,ML,.395,360,100,3389,.0761,60.5,0,0,0,0,.2,.6,1315,.08,63.1,1149,.0808,62.3,925,.0676,54.6,,,,,,,,,,,,,,,
02/11/2022 19:00:00,424031,4,580,E,ML,.395,360,100,2247,.0486,63.8,0,0,0,0,0,0,938,.0548,65.8,908,.0629,62.6,401,.0281,62.1,,,,,,,,,,,,,,,
02/11/2022 20:00:00,424031,4,580,E,ML,.395,356,100,1508,.0334,67.2,0,0,0,0,0,.1,610,.035,70.1,699,.0491,67,199,.0161,58.7,,,,,,,,,,,,,,,
02/11/2022 21:00:00,424031,4,580,E,ML,.395,360,100,1037,.0221,69.5,0,0,0,0,0,0,317,.0173,71.9,546,.0368,70.3,174,.0122,62.7,,,,,,,,,,,,,,,
02/11/2022 22:00:00,424031,4,580,E,ML,.395,358,100,937,.0199,69.9,0,0,0,0,0,0,281,.0152,72.1,524,.0352,70.6,132,.0092,62.8,,,,,,,,,,,,,,,
02/11/2022 23:00:00,424031,4,580,E,ML,.395,360,100,552,.0121,68.3,0,0,0,0,0,0,146,.0077,72.1,305,.0213,68.3,101,.0072,62.6,,,,,,,,,,,,,,,
02/12/2022 00:00:00,424031,4,580,E,ML,.395,356,100,351,.0077,69.8,0,0,0,0,0,0,80,.0045,71.9,225,.0154,70.5,46,.0033,62.8,,,,,,,,,,,,,,,
02/12/2022 01:00:00,424031,4,580,E,ML,.395,359,100,224,.006,69.2,0,0,0,0,0,0,34,.0026,71.7,155,.0125,70.2,35,.003,62.6,,,,,,,,,,,,,,,
02/12/2022 02:00:00,424031,4,580,E,ML,.395,360,100,222,.0079,64.5,0,0,0,0,0,0,13,.0013,71.2,158,.015,65.9,51,.0074,58.5,,,,,,,,,,,,,,,
02/12/2022 03:00:00,424031,4,580,E,ML,.395,360,100,172,.0047,68.4,0,0,0,0,0,0,34,.0021,71.9,110,.0093,69,28,.0027,62.1,,,,,,,,,,,,,,,
02/12/2022 04:00:00,424031,4,580,E,ML,.395,356,100,283,.0069,69.4,0,0,0,0,0,0,64,.0036,72,183,.0132,70,36,.0039,62,,,,,,,,,,,,,,,
02/12/2022 05:00:00,424031,4,580,E,ML,.395,358,100,1524,.0328,72,0,0,0,0,0,0,105,.0059,71.9,244,.0175,69.5,1175,.0749,72.5,,,,,,,,,,,,,,,
02/12/2022 06:00:00,424031,4,580,E,ML,.395,360,100,2738,.0664,57.1,0,0,0,.3,.9,2,200,.0112,71.9,412,.0285,70.1,2126,.1596,52.9,,,,,,,,,,,,,,,
02/12/2022 07:00:00,424031,4,580,E,ML,.395,360,100,2213,.0619,52.2,0,.5,1.8,2.9,3.9,4.6,355,.0198,72.1,555,.0368,70.7,1303,.129,39,,,,,,,,,,,,,,,
02/12/2022 08:00:00,424031,4,580,E,ML,.395,357,100,1761,.039,63.3,0,0,0,.1,.4,.8,457,.0247,73,656,.0431,70.5,648,.0491,50.9,,,,,,,,,,,,,,,
02/12/2022 09:00:00,424031,4,580,E,ML,.395,360,100,1764,.0384,68.5,0,0,0,0,0,0,616,.0347,71.8,898,.0601,68.4,250,.0204,60.3,,,,,,,,,,,,,,,
02/12/2022 10:00:00,424031,4,580,E,ML,.395,360,100,1832,.039,68.6,0,0,0,0,0,0,703,.0399,71.1,903,.0611,68,226,.0159,63.3,,,,,,,,,,,,,,,
02/12/2022 11:00:00,424031,4,580,E,ML,.395,354,100,2128,.0452,65.1,0,0,0,0,0,0,780,.0443,68.6,1053,.0697,63.7,295,.0216,61.2,,,,,,,,,,,,,,,
02/12/2022 12:00:00,424031,4,580,E,ML,.395,357,100,1946,.0405,65.7,0,0,0,0,0,0,689,.0392,68.7,962,.0623,64.3,295,.0198,63,,,,,,,,,,,,,,,
02/12/2022 13:00:00,424031,4,580,E,ML,.395,360,100,2309,.0473,66.4,0,0,0,0,0,0,969,.0556,68.1,1034,.0661,66,306,.0203,62.2,,,,,,,,,,,,,,,
02/12/2022 14:00:00,424031,4,580,E,ML,.395,360,100,2968,.0591,66.6,0,0,0,0,0,0,1219,.0685,68.6,1147,.0713,66.8,602,.0376,62,,,,,,,,,,,,,,,
02/12/2022 15:00:00,424031,4,580,E,ML,.395,360,100,3101,.0623,66.6,0,0,0,0,0,0,1240,.0705,68.6,1185,.073,67.9,676,.0433,60.6,,,,,,,,,,,,,,,
02/12/2022 16:00:00,424031,4,580,E,ML,.395,357,100,3412,.0682,67,0,0,0,0,0,0,1393,.0785,68.8,1255,.0769,68.6,764,.049,60.8,,,,,,,,,,,,,,,
02/12/2022 17:00:00,424031,4,580,E,ML,.395,360,100,3580,.072,66.8,0,0,0,0,0,0,1460,.0839,67.5,1326,.082,67.7,794,.0503,63.7,,,,,,,,,,,,,,,
02/12/2022 18:00:00,424031,4,580,E,ML,.395,360,100,3378,.0723,63,0,0,0,0,0,0,1345,.0825,63.7,1234,.0815,63.7,799,.053,60.8,,,,,,,,,,,,,,,
02/12/2022 19:00:00,424031,4,580,E,ML,.395,359,100,2610,.0555,66.1,0,0,0,0,0,0,1209,.0735,67.4,1075,.0721,65.6,326,.0208,62.8,,,,,,,,,,,,,,,
02/12/2022 20:00:00,424031,4,580,E,ML,.395,357,100,1699,.0345,69.1,0,0,0,0,0,0,764,.0437,70.7,756,.0482,69,179,.0117,62.7,,,,,,,,,,,,,,,
02/12/2022 21:00:00,424031,4,580,E,ML,.395,359,100,1394,.0279,70,0,0,0,0,0,0,632,.0354,71.6,643,.0409,69.8,119,.0074,63.4,,,,,,,,,,,,,,,
02/12/2022 22:00:00,424031,4,580,E,ML,.395,360,100,1109,.0226,68.4,0,0,0,0,0,0,478,.0269,70.6,523,.0338,67.6,108,.0071,62.5,,,,,,,,,,,,,,,
02/12/2022 23:00:00,424031,4,580,E,ML,.395,360,100,712,.0146,68.7,0,0,0,0,0,0,246,.0136,71.4,390,.0246,68.1,76,.0057,62.5,,,,,,,,,,,,,,,
02/13/2022 00:00:00,424031,4,580,E,ML,.395,357,100,434,.0088,69.5,0,0,0,0,0,0,150,.008,71.9,256,.0161,68.9,28,.0023,62.4,,,,,,,,,,,,,,,
02/13/2022 01:00:00,424031,4,580,E,ML,.395,359,100,275,.0056,69.6,0,0,0,0,0,0,71,.0038,71.9,184,.0114,69.5,20,.0014,62.8,,,,,,,,,,,,,,,
02/13/2022 02:00:00,424031,4,580,E,ML,.395,358,100,253,.0054,70,0,0,0,0,0,0,73,.0039,71.9,169,.0114,69.6,11,.001,62.6,,,,,,,,,,,,,,,
02/13/2022 03:00:00,424031,4,580,E,ML,.395,358,100,227,.005,69.6,0,0,0,0,0,0,66,.0034,72.1,145,.0104,69.3,16,.0014,62.8,,,,,,,,,,,,,,,
02/13/2022 04:00:00,424031,4,580,E,ML,.395,357,100,216,.0047,69.8,0,0,0,0,0,0,55,.0029,71.9,144,.0099,69.8,17,.0014,63,,,,,,,,,,,,,,,
02/13/2022 05:00:00,424031,4,580,E,ML,.395,359,100,260,.0055,70,0,0,0,0,0,0,90,.0046,71.9,155,.0105,69.5,15,.0014,64.3,,,,,,,,,,,,,,,
02/13/2022 06:00:00,424031,4,580,E,ML,.395,359,100,480,.01,70.1,0,0,0,0,0,0,186,.0098,71.9,259,.017,69.9,35,.0032,62.1,,,,,,,,,,,,,,,
02/13/2022 07:00:00,424031,4,580,E,ML,.395,360,100,1510,.0325,61.5,0,0,0,0,.1,.4,246,.0127,72.1,335,.0216,68.7,929,.0631,56.4,,,,,,,,,,,,,,,
02/13/2022 08:00:00,424031,4,580,E,ML,.395,356,100,1037,.0206,68.5,0,0,0,0,0,0,405,.0214,71.4,496,.0308,68.2,136,.0097,60.7,,,,,,,,,,,,,,,
02/13/2022 09:00:00,424031,4,580,E,ML,.395,359,100,1524,.0299,68.7,0,0,0,0,0,0,666,.036,70,741,.0454,68.4,117,.0082,62.7,,,,,,,,,,,,,,,
02/13/2022 10:00:00,424031,4,580,E,ML,.395,360,100,1929,.0372,68.8,0,0,0,0,0,0,874,.0478,70.8,884,.0533,67.9,171,.0105,63,,,,,,,,,,,,,,,
02/13/2022 11:00:00,424031,4,580,E,ML,.395,360,100,2333,.0466,65.2,0,0,0,0,0,0,1092,.0612,66,1024,.065,65,217,.0137,62.4,,,,,,,,,,,,,,,
02/13/2022 12:00:00,424031,4,580,E,ML,.395,351,100,2583,.0507,65.2,0,0,0,0,0,0,1263,.0717,64.5,1094,.0667,66.5,226,.0137,62.4,,,,,,,,,,,,,,,
02/13/2022 13:00:00,424031,4,580,E,ML,.395,360,100,2685,.052,66.3,0,0,0,0,0,0,1275,.0707,66.4,1150,.0702,67,260,.015,62.9,,,,,,,,,,,,,,,
02/13/2022 14:00:00,424031,4,580,E,ML,.395,360,100,2988,.0577,66.3,0,0,0,0,0,0,1251,.0683,66.9,1175,.0699,68.5,562,.0348,60.1,,,,,,,,,,,,,,,
02/13/2022 15:00:00,424031,4,580,E,ML,.395,360,100,2942,.0565,66.9,0,0,0,0,0,0,1195,.0648,67.6,1173,.0697,68.7,574,.035,61.6,,,,,,,,,,,,,,,
02/13/2022 16:00:00,424031,4,580,E,ML,.395,357,100,2721,.0527,66.9,0,0,0,0,0,0,1113,.0603,67.8,1126,.0671,68.5,482,.0306,60.9,,,,,,,,,,,,,,,
02/13/2022 17:00:00,424031,4,580,E,ML,.395,360,100,2558,.0498,66.8,0,0,0,0,0,0,1026,.0563,67.2,1057,.0644,67.4,475,.0288,64.7,,,,,,,,,,,,,,,
02/13/2022 18:00:00,424031,4,580,E,ML,.395,360,100,2516,.0521,63.1,0,0,0,0,0,0,1019,.0598,62.7,1042,.0676,63.4,455,.029,63.3,,,,,,,,,,,,,,,
02/13/2022 19:00:00,424031,4,580,E,ML,.395,360,100,2192,.0449,68,0,0,0,0,0,0,1016,.0591,70.4,948,.0614,66.7,228,.0143,62.8,,,,,,,,,,,,,,,
02/13/2022 20:00:00,424031,4,580,E,ML,.395,357,100,1894,.0386,68.3,0,0,0,0,0,0,895,.0525,69.5,837,.0536,68,162,.0097,63.5,,,,,,,,,,,,,,,
02/13/2022 21:00:00,424031,4,580,E,ML,.395,359,100,1252,.0248,70.2,0,0,0,0,0,0,554,.0305,72.3,572,.0357,69.8,126,.0082,63.3,,,,,,,,,,,,,,,
02/13/2022 22:00:00,424031,4,580,E,ML,.395,360,100,752,.0157,68.7,0,0,0,0,0,0,301,.0168,71.4,386,.0255,67.6,65,.0047,62.6,,,,,,,,,,,,,,,
02/13/2022 23:00:00,424031,4,580,E,ML,.395,360,100,447,.0092,70.1,0,0,0,0,0,0,158,.0085,72,256,.0164,69.9,33,.0028,62.7,,,,,,,,,,,,,,,
02/14/2022 00:00:00,424031,4,580,E,ML,.395,357,100,242,.0052,70.1,0,0,0,0,0,0,73,.0038,72,155,.0104,69.9,14,.0015,62.3,,,,,,,,,,,,,,,
02/14/2022 01:00:00,424031,4,580,E,ML,.395,359,100,163,.0037,69.9,0,0,0,0,0,0,38,.0021,71.9,116,.0083,69.8,9,.0008,62.5,,,,,,,,,,,,,,,
02/14/2022 02:00:00,424031,4,580,E,ML,.395,360,100,149,.0044,69.1,0,0,0,0,0,0,33,.0018,71.9,106,.0103,68.9,10,.0011,62.2,,,,,,,,,,,,,,,
02/14/2022 03:00:00,424031,4,580,E,ML,.395,360,100,188,.0052,69.5,0,0,0,0,0,0,43,.0024,71.9,130,.0113,69.7,15,.0021,61.9,,,,,,,,,,,,,,,
02/14/2022 04:00:00,424031,4,580,E,ML,.395,357,100,654,.015,70.7,0,0,0,0,0,0,210,.0114,71.9,220,.0195,68.7,224,.0142,71.4,,,,,,,,,,,,,,,
02/14/2022 05:00:00,424031,4,580,E,ML,.395,360,100,2244,.0517,71.6,0,0,0,0,0,0,350,.0195,71.3,402,.0303,67.6,1492,.1052,72.7,,,,,,,,,,,,,,,
02/14/2022 06:00:00,424031,4,580,E,ML,.395,360,100,2222,.0599,56.9,0,0,.4,1,1.7,2.2,488,.0279,69.6,560,.0412,66.1,1174,.1104,46.5,,,,,,,,,,,,,,,
02/14/2022 07:00:00,424031,4,580,E,ML,.395,360,100,1943,.0535,56.9,.2,.9,1.7,2.3,2.9,3.4,496,.0276,70.5,664,.0439,71.6,783,.089,36.3,,,,,,,,,,,,,,,
02/14/2022 08:00:00,424031,4,580,E,ML,.395,357,100,1939,.0532,58.8,.5,1.2,1.8,2.3,2.8,3.1,635,.0357,70.4,709,.0483,70.8,595,.0756,33.4,,,,,,,,,,,,,,,
02/14/2022 09:00:00,424031,4,580,E,ML,.395,360,100,2389,.0607,62.3,0,0,.1,.2,.4,.7,640,.0372,68.7,763,.0601,58.9,986,.0849,59.2,,,,,,,,,,,,,,,
02/14/2022 10:00:00,424031,4,580,E,ML,.395,359,100,1726,.04,65.2,0,0,0,0,0,.1,669,.0382,71.4,859,.064,61.1,198,.0178,61.7,,,,,,,,,,,,,,,
02/14/2022 11:00:00,424031,4,580,E,ML,.395,359,100,1751,.0409,65,0,0,0,0,0,.1,671,.0381,72,831,.0639,60.2,249,.0207,62.1,,,,,,,,,,,,,,,
02/14/2022 12:00:00,424031,4,580,E,ML,.395,351,100,2014,.0462,65.1,0,0,0,0,0,0,763,.0435,70.9,945,.0709,61.1,306,.0243,62.8,,,,,,,,,,,,,,,
02/14/2022 13:00:00,424031,4,580,E,ML,.395,360,100,2312,.0524,65.2,0,0,0,0,0,.1,917,.0523,70.9,1039,.0775,61.8,356,.0275,60.3,,,,,,,,,,,,,,,
02/14/2022 14:00:00,424031,4,580,E,ML,.395,360,100,2814,.0605,65.7,0,0,0,0,0,0,1124,.0632,69.1,1020,.0704,65.6,670,.0478,60.3,,,,,,,,,,,,,,,
02/14/2022 15:00:00,424031,4,580,E,ML,.395,360,100,3619,.0774,65.3,0,0,0,0,0,.2,1376,.0777,68.8,1214,.0839,66.6,1029,.0707,58.9,,,,,,,,,,,,,,,
02/14/2022 16:00:00,424031,4,580,E,ML,.395,357,100,4001,.0847,65.1,0,0,0,0,0,.2,1554,.0893,67.6,1288,.0858,68.1,1159,.0791,58.4,,,,,,,,,,,,,,,
02/14/2022 17:00:00,424031,4,580,E,ML,.395,360,100,3969,.0841,65.4,0,0,0,0,0,.2,1464,.0855,66.5,1320,.086,70.2,1185,.0809,58.6,,,,,,,,,,,,,,,
02/14/2022 18:00:00,424031,4,580,E,ML,.395,360,100,2802,.0618,64.5,0,0,0,0,0,.2,1028,.0601,66.5,990,.0666,67.8,784,.0586,57.7,,,,,,,,,,,,,,,
02/14/2022 19:00:00,424031,4,580,E,ML,.395,360,100,1675,.0369,67.8,0,0,0,0,0,0,661,.0377,71.5,719,.052,67.3,295,.0211,60.4,,,,,,,,,,,,,,,
02/14/2022 20:00:00,424031,4,580,E,ML,.395,355,100,1186,.0253,69.8,0,0,0,0,0,0,436,.0244,72.3,574,.0392,70.1,176,.0124,62.2,,,,,,,,,,,,,,,
02/14/2022 21:00:00,424031,4,580,E,ML,.395,360,100,964,.0208,69,0,0,0,0,0,0,295,.0156,72.1,509,.0349,69.4,160,.0118,61.9,,,,,,,,,,,,,,,
02/14/2022 22:00:00,424031,4,580,E,ML,.395,360,100,717,.0156,70.3,0,0,0,0,0,0,212,.0113,72,388,.0263,71.7,117,.0091,62.4,,,,,,,,,,,,,,,
02/14/2022 23:00:00,424031,4,580,E,ML,.395,360,100,420,.0098,68.5,0,0,0,0,0,0,102,.0054,71.9,248,.0182,68.8,70,.0056,62.4,,,,,,,,,,,,,,,
02/15/2022 00:00:00,424031,4,580,E,ML,.395,357,100,701,.0154,66.2,0,0,0,0,0,0,64,.0032,72.3,153,.0116,70.1,484,.0316,64.2,,,,,,,,,,,,,,,
02/15/2022 01:00:00,424031,4,580,E,ML,.395,360,100,1976,.0556,51.5,0,0,.1,.5,1.4,2.4,28,.0017,71.9,107,.0086,70.4,1841,.1564,50,,,,,,,,,,,,,,,
02/15/2022 02:00:00,424031,4,580,E,ML,.395,359,100,2063,.0593,51.5,0,0,0,.5,1.4,2.5,27,.002,71.5,111,.0108,69.2,1925,.1649,50.1,,,,,,,,,,,,,,,
02/15/2022 03:00:00,424031,4,580,E,ML,.395,360,100,1276,.0503,40.3,.6,1.5,2.4,3.4,4.2,4.9,44,.0025,71.9,110,.0114,68.9,1122,.1369,36.2,,,,,,,,,,,,,,,
02/15/2022 04:00:00,424031,4,580,E,ML,.395,357,100,1187,.0481,42.5,1.3,2.4,3.3,4,4.6,5.1,152,.0084,71.9,234,.0222,66.9,801,.1137,30.6,,,,,,,,,,,,,,,
02/15/2022 05:00:00,424031,4,580,E,ML,.395,360,100,1361,.0441,56.7,.1,.2,.6,1.1,1.5,1.9,350,.0197,71.6,395,.0305,70.2,616,.0819,40.8,,,,,,,,,,,,,,,
02/15/2022 06:00:00,424031,4,580,E,ML,.395,360,100,2217,.0961,43.3,7.4,9,10.3,11.3,12.1,12.7,531,.0318,69.8,555,.0426,65.9,1131,.2141,22.1,,,,,,,,,,,,,,,
02/15/2022 07:00:00,424031,4,580,E,ML,.395,360,100,3315,.202,36.7,26.2,29.1,31.3,33.1,34.6,35.8,633,.0382,68.7,646,.0452,71.4,2036,.5226,16.3,,,,,,,,,,,,,,,
02/15/2022 08:00:00,424031,4,580,E,ML,.395,356,100,3435,.2631,33.9,45.5,48.5,50.9,52.8,54.3,55.6,631,.0374,70.5,651,.0479,69.9,2153,.704,12.2,,,,,,,,,,,,,,,
02/15/2022 09:00:00,424031,4,580,E,ML,.395,360,100,2436,.0784,54.8,.8,1.3,1.8,2.2,2.7,3.5,696,.0428,67.8,742,.0623,54.2,998,.1301,42.3,,,,,,,,,,,,,,,
02/15/2022 10:00:00,424031,4,580,E,ML,.395,360,100,1725,.0424,62.3,0,0,0,0,0,.3,673,.0401,69.5,797,.0618,57.4,255,.0253,58.5,,,,,,,,,,,,,,,
02/15/2022 11:00:00,424031,4,580,E,ML,.395,360,100,1866,.045,62.8,0,0,0,0,0,.3,678,.0396,70.7,940,.0719,58.1,248,.0234,58.7,,,,,,,,,,,,,,,
02/15/2022 12:00:00,424031,4,580,E,ML,.395,350,100,1933,.0458,64.2,0,0,0,0,0,.2,690,.0393,72.5,914,.068,60,329,.0302,58,,,,,,,,,,,,,,,
02/15/2022 13:00:00,424031,4,580,E,ML,.395,356,100,2174,.0496,64.5,0,0,0,0,0,.2,884,.0507,71.6,969,.0724,59.5,321,.0257,59.6,,,,,,,,,,,,,,,
02/15/2022 14:00:00,424031,4,580,E,ML,.395,360,100,2913,.0625,67.1,0,0,0,0,0,0,1116,.0627,71.1,1081,.0725,66.1,716,.0523,62.4,,,,,,,,,,,,,,,
02/15/2022 15:00:00,424031,4,580,E,ML,.395,360,100,3331,.0694,66.9,0,0,0,0,0,.2,1246,.0695,71.6,1109,.0713,68.8,976,.0675,58.6,,,,,,,,,,,,,,,
02/15/2022 16:00:00,424031,4,580,E,ML,.395,357,100,4243,.0964,62,0,0,0,0,.2,1,1616,.0975,66.9,1336,.0942,63.8,1291,.0975,53.9,,,,,,,,,,,,,,,
02/15/2022 17:00:00,424031,4,580,E,ML,.395,360,100,4084,.089,64.2,0,0,0,0,.2,.9,1530,.0884,69.3,1320,.0869,67.6,1234,.0917,54.2,,,,,,,,,,,,,,,
02/15/2022 18:00:00,424031,4,580,E,ML,.395,357,100,2949,.0664,62.2,0,0,0,0,.2,.7,1075,.064,67.3,982,.068,64.5,892,.0671,53.4,,,,,,,,,,,,,,,
02/15/2022 19:00:00,424031,4,580,E,ML,.395,360,100,1593,.0362,65.9,0,0,0,0,0,.1,704,.0426,68.6,592,.0433,66.5,297,.0228,58,,,,,,,,,,,,,,,
02/15/2022 20:00:00,424031,4,580,E,ML,.395,357,100,1180,.0259,68.7,0,0,0,0,0,0,472,.027,70.7,524,.0368,69.3,184,.0138,61.5,,,,,,,,,,,,,,,
02/15/2022 21:00:00,424031,4,580,E,ML,.395,360,100,1491,.0382,60.9,0,.1,.3,.5,.6,.9,438,.0252,69.4,399,.0288,65.9,654,.0608,50.6,,,,,,,,,,,,,,,
02/15/2022 22:00:00,424031,4,580,E,ML,.395,360,100,1576,.0688,41.1,4.2,5.6,6.7,7.5,8.3,8.9,292,.0167,70.7,285,.0195,69.6,999,.1701,25.6,,,,,,,,,,,,,,,
02/15/2022 23:00:00,424031,4,580,E,ML,.395,360,100,1790,.1151,29.7,9.5,11.6,13.3,14.6,15.7,16.6,121,.0068,71.8,171,.0145,67.4,1498,.3241,22.4,,,,,,,,,,,,,,,
02/16/2022 00:00:00,424031,4,580,E,ML,.395,357,100,2126,.1751,29.1,8.7,11.4,13.5,15.2,16.6,17.8,92,.0056,71.7,107,.0092,69.4,1927,.5105,25,,,,,,,,,,,,,,,
02/16/2022 01:00:00,424031,4,580,E,ML,.395,359,100,2455,.2505,24.4,16.2,19.4,22,24,25.7,27.1,51,.0031,71.6,85,.0079,69.3,2319,.7406,21.6,,,,,,,,,,,,,,,
02/16/2022 02:00:00,424031,4,580,E,ML,.395,335,100,537,.3309,19.8,26.7,27.3,27.7,28.1,28.4,28.6,44,.0025,71.9,79,.0094,68.7,414,.9807,5.2,,,,,,,,,,,,,,,
02/16/2022 03:00:00,424031,4,580,E,ML,.395,342,100,165,.0154,68.1,.5,.5,.5,.5,.5,.5,74,.0042,71.8,87,.0088,68.4,4,.0332,3,,,,,,,,,,,,,,,
02/16/2022 04:00:00,424031,4,580,E,ML,.395,357,100,372,.0096,69.5,0,0,0,0,0,0,184,.0106,71.6,188,.0182,67.5,0,0,3,,,,,,,,,,,,,,,
02/16/2022 05:00:00,424031,4,580,E,ML,.395,360,100,734,.0166,69.7,0,0,0,0,0,0,359,.02,71.2,375,.0297,68.1,0,0,3,,,,,,,,,,,,,,,
02/16/2022 06:00:00,424031,4,580,E,ML,.395,360,100,1074,.0231,70.9,0,0,0,0,0,0,507,.0289,70.8,567,.0406,70.9,0,0,3,,,,,,,,,,,,,,,
02/16/2022 07:00:00,424031,4,580,E,ML,.395,360,100,1289,.0279,70.8,0,0,0,0,0,0,619,.0351,71.4,670,.0484,70.2,0,0,3,,,,,,,,,,,,,,,
02/16/2022 08:00:00,424031,4,580,E,ML,.395,353,100,1498,.0818,59.7,10.5,10.7,10.9,11.1,11.2,11.3,631,.0363,71.3,702,.0515,70.8,165,.1575,5.3,,,,,,,,,,,,,,,
02/16/2022 09:00:00,424031,4,580,E,ML,.395,356,100,2124,.075,49.9,5.5,6.2,6.7,7.2,7.7,8.2,600,.0339,72.4,766,.059,60.1,758,.1323,23,,,,,,,,,,,,,,,
02/16/2022 10:00:00,424031,4,580,E,ML,.395,360,100,1499,.0374,62.5,0,0,0,0,0,.2,527,.0314,70.4,722,.0578,57.5,250,.0229,59.9,,,,,,,,,,,,,,,
02/16/2022 11:00:00,424031,4,580,E,ML,.395,360,100,1849,.046,61.7,0,0,0,0,0,.5,692,.0411,69.8,905,.0733,56.2,252,.0236,58.5,,,,,,,,,,,,,,,
02/16/2022 12:00:00,424031,4,580,E,ML,.395,351,100,2013,.0475,63.9,0,0,0,0,0,.1,709,.0406,70.8,935,.0701,59.9,369,.0319,60.2,,,,,,,,,,,,,,,
02/16/2022 13:00:00,424031,4,580,E,ML,.395,360,100,2359,.0546,63.5,0,0,0,0,.1,.3,954,.0552,70.5,1006,.0767,59.6,399,.0319,56.2,,,,,,,,,,,,,,,
02/16/2022 14:00:00,424031,4,580,E,ML,.395,360,100,2881,.0639,65,0,0,0,0,0,.1,1118,.0638,70.1,1050,.0761,62.8,713,.0518,60.1,,,,,,,,,,,,,,,
02/16/2022 15:00:00,424031,4,580,E,ML,.395,360,100,3878,.0834,65.3,0,0,0,0,0,.4,1487,.0853,69.5,1238,.0826,67.4,1153,.0822,57.7,,,,,,,,,,,,,,,
02/16/2022 16:00:00,424031,4,580,E,ML,.395,357,100,4330,.0929,65.3,0,0,0,0,0,.4,1684,.0982,68.6,1398,.0926,68.4,1248,.0879,57.5,,,,,,,,,,,,,,,
02/16/2022 17:00:00,424031,4,580,E,ML,.395,360,100,4059,.0885,64.2,0,0,0,0,0,.5,1549,.092,67.2,1290,.086,67.9,1220,.0875,56.5,,,,,,,,,,,,,,,
02/16/2022 18:00:00,424031,4,580,E,ML,.395,360,100,3231,.0739,61.8,0,0,0,0,.2,.7,1177,.0713,65.9,1061,.0763,63.8,993,.074,54.7,,,,,,,,,,,,,,,
02/16/2022 19:00:00,424031,4,580,E,ML,.395,360,100,1905,.0417,67.6,0,0,0,0,0,0,655,.0366,72.3,791,.0551,68.2,459,.0333,59.5,,,,,,,,,,,,,,,
02/16/2022 20:00:00,424031,4,580,E,ML,.395,356,100,1332,.0284,70.2,0,0,0,0,0,0,356,.0194,72.7,678,.0439,73.7,298,.0219,59.2,,,,,,,,,,,,,,,
02/16/2022 21:00:00,424031,4,580,E,ML,.395,358,100,927,.0206,68.4,0,0,0,0,0,0,218,.0118,72,458,.0302,71.6,251,.0197,59.5,,,,,,,,,,,,,,,
02/16/2022 22:00:00,424031,4,580,E,ML,.395,359,100,733,.0164,68.9,0,0,0,0,0,0,203,.0108,72.1,378,.0264,70.3,152,.0122,60.9,,,,,,,,,,,,,,,
02/16/2022 23:00:00,424031,4,580,E,ML,.395,359,100,411,.0104,66.8,0,0,0,0,0,0,71,.0039,71.9,219,.0171,67.9,121,.0102,61.7,,,,,,,,,,,,,,,
02/17/2022 00:00:00,424031,4,580,E,ML,.395,357,100,197,.0052,67.6,0,0,0,0,0,0,23,.0013,71.9,127,.0098,68.9,47,.0047,62.2,,,,,,,,,,,,,,,
02/17/2022 01:00:00,424031,4,580,E,ML,.395,359,100,165,.005,68.4,0,0,0,0,0,0,22,.0012,71.9,113,.0104,69.3,30,.0034,62.1,,,,,,,,,,,,,,,
02/17/2022 02:00:00,424031,4,580,E,ML,.395,357,100,149,.0046,68.7,0,0,0,0,0,0,16,.0009,71.8,102,.0091,70.3,31,.0037,61.8,,,,,,,,,,,,,,,
02/17/2022 03:00:00,424031,4,580,E,ML,.395,359,100,475,.0117,70.3,0,0,0,0,0,0,51,.0029,72,130,.0129,68.7,294,.0193,70.6,,,,,,,,,,,,,,,
02/17/2022 04:00:00,424031,4,580,E,ML,.395,355,100,509,.0139,67.8,0,0,0,0,0,0,160,.0089,72.2,257,.0246,66.9,92,.0084,62.6,,,,,,,,,,,,,,,
02/17/2022 05:00:00,424031,4,580,E,ML,.395,360,100,1786,.0427,68.8,0,0,0,0,0,.1,454,.0257,71.6,374,.0282,69.3,958,.0742,66.9,,,,,,,,,,,,,,,
02/17/2022 06:00:00,424031,4,580,E,ML,.395,360,100,2156,.05,66.6,0,0,0,0,.1,.2,709,.0404,70.7,492,.0376,68.9,955,.0718,62.3,,,,,,,,,,,,,,,
02/17/2022 07:00:00,424031,4,580,E,ML,.395,360,100,2440,.0742,60,.2,.6,1.1,1.5,2,2.4,769,.0451,69,589,.0436,68,1082,.1338,46.5,,,,,,,,,,,,,,,
02/17/2022 08:00:00,424031,4,580,E,ML,.395,357,100,2183,.0813,54.1,1.6,2.6,3.5,4.2,4.7,5.2,782,.0463,68.6,636,.0478,67.3,765,.1499,29.6,,,,,,,,,,,,,,,
02/17/2022 09:00:00,424031,4,580,E,ML,.395,358,100,1969,.0491,62.8,0,.1,.2,.3,.4,.6,794,.0464,69.5,707,.0532,61,468,.0476,52.2,,,,,,,,,,,,,,,
02/17/2022 10:00:00,424031,4,580,E,ML,.395,359,100,1708,.0404,63.7,0,0,0,0,0,.1,799,.0475,68.8,741,.0577,58.7,168,.016,61.4,,,,,,,,,,,,,,,
02/17/2022 11:00:00,424031,4,580,E,ML,.395,358,100,1865,.0462,61,0,0,0,0,.1,.6,887,.0542,67.1,761,.0653,53.9,217,.0192,61.1,,,,,,,,,,,,,,,
02/17/2022 12:00:00,424031,4,580,E,ML,.395,228,67,2094,.0491,63.3,0,0,0,0,0,.3,965,.0563,69.5,853,.0675,57,276,.0233,60.9,,,,,,,,,,,,,,,
02/17/2022 13:00:00,424031,4,580,E,ML,.395,219,67,2385,.0539,64.4,0,0,0,0,0,.1,1072,.0627,69,945,.0713,60.4,368,.0275,61.4,,,,,,,,,,,,,,,
02/17/2022 14:00:00,424031,4,580,E,ML,.395,360,100,3027,.0654,66.4,0,0,0,0,0,0,1155,.0652,70.3,1091,.0743,66.6,781,.0566,60.1,,,,,,,,,,,,,,,
02/17/2022 15:00:00,424031,4,580,E,ML,.395,360,100,3815,.0808,66.8,0,0,0,0,0,.1,1472,.0834,70.3,1227,.0802,69.5,1116,.0787,59.1,,,,,,,,,,,,,,,
02/17/2022 16:00:00,424031,4,580,E,ML,.395,357,100,4282,.0924,65.6,0,0,0,0,0,.4,1644,.0954,68.8,1416,.0931,69.2,1222,.0886,57.3,,,,,,,,,,,,,,,
02/17/2022 17:00:00,424031,4,580,E,ML,.395,360,100,4256,.0906,66,0,0,0,0,0,.1,1627,.0944,68.5,1357,.0894,69,1272,.088,59.7,,,,,,,,,,,,,,,
02/17/2022 18:00:00,424031,4,580,E,ML,.395,360,100,3378,.0752,64.1,0,0,0,0,0,.4,1240,.0741,66.9,1127,.0777,66.9,1011,.0736,57.3,,,,,,,,,,,,,,,
02/17/2022 19:00:00,424031,4,580,E,ML,.395,359,100,2082,.0459,67.3,0,0,0,0,0,0,924,.0555,69.2,791,.0568,67,367,.0254,63,,,,,,,,,,,,,,,
02/17/2022 20:00:00,424031,4,580,E,ML,.395,357,100,1390,.0299,68.8,0,0,0,0,0,0,618,.0363,69.2,584,.0402,70.1,188,.0131,62.9,,,,,,,,,,,,,,,
02/17/2022 21:00:00,424031,4,580,E,ML,.395,358,100,1052,.0235,66.7,0,0,0,0,0,0,503,.0295,68.6,430,.0319,65.6,119,.009,62.2,,,,,,,,,,,,,,,
02/17/2022 22:00:00,424031,4,580,E,ML,.395,360,100,746,.0164,68.2,0,0,0,0,0,0,335,.0193,69.4,312,.0222,68.4,99,.0077,62.8,,,,,,,,,,,,,,,
02/17/2022 23:00:00,424031,4,580,E,ML,.395,359,100,450,.0104,68.5,0,0,0,0,0,0,185,.0107,71.4,214,.016,67.6,51,.0044,62.4,,,,,,,,,,,,,,,
02/18/2022 00:00:00,424031,4,580,E,ML,.395,357,100,313,.0075,68.5,0,0,0,0,0,0,103,.006,71.7,132,.0108,69,78,.0057,63.5,,,,,,,,,,,,,,,
02/18/2022 01:00:00,424031,4,580,E,ML,.395,360,100,1566,.0354,68.1,0,0,0,0,0,0,70,.0041,71.7,90,.0088,68.8,1406,.0932,67.9,,,,,,,,,,,,,,,
02/18/2022 02:00:00,424031,4,580,E,ML,.395,360,100,1302,.0408,55.3,0,.1,.2,.3,.6,1,54,.0033,71.7,83,.0084,69.2,1165,.1107,53.3,,,,,,,,,,,,,,,
02/18/2022 03:00:00,424031,4,580,E,ML,.395,360,100,985,.0529,40.3,.4,1.4,2.2,3,3.5,4,79,.0048,71.6,97,.0106,68.5,809,.1434,34.2,,,,,,,,,,,,,,,
02/18/2022 04:00:00,424031,4,580,E,ML,.395,357,100,1243,.0637,43.6,1,2,2.8,3.5,4.1,4.6,202,.0117,71.4,200,.0206,64.8,841,.1587,32.7,,,,,,,,,,,,,,,
02/18/2022 05:00:00,424031,4,580,E,ML,.395,360,100,2180,.1136,54.5,0,0,0,.6,1.6,2.5,368,.0213,70.4,340,.027,66.9,1472,.2924,47.7,,,,,,,,,,,,,,,
02/18/2022 06:00:00,424031,4,580,E,ML,.395,356,100,3331,.2054,34.8,23.7,26.9,29.4,31.4,33,34.3,607,.0343,70.1,470,.0367,67.5,2254,.545,18.1,,,,,,,,,,,,,,,
02/18/2022 07:00:00,424031,4,580,E,ML,.395,360,100,3064,.3295,35.7,66.1,68.5,70.4,71.8,73.1,74.1,751,.043,68.9,629,.0459,70.7,1684,.8996,7.8,,,,,,,,,,,,,,,
02/18/2022 08:00:00,424031,4,580,E,ML,.395,357,100,3253,.2032,36.6,35.5,38,39.9,41.4,42.6,43.7,826,.0492,67.6,689,.0544,66.3,1738,.506,12.5,,,,,,,,,,,,,,,
02/18/2022 09:00:00,424031,4,580,E,ML,.395,358,100,2141,.0539,60.1,0,0,.2,.3,.6,1.1,804,.0482,68.5,728,.0592,54.3,609,.0544,54.5,,,,,,,,,,,,,,,
02/18/2022 10:00:00,424031,4,580,E,ML,.395,359,100,1936,.0473,61.4,0,0,0,0,.3,.7,955,.0578,68.5,785,.065,52.7,196,.0191,60.9,,,,,,,,,,,,,,,
02/18/2022 11:00:00,424031,4,580,E,ML,.395,354,100,2089,.0485,62.8,0,0,0,0,.1,.4,1004,.0601,68.9,868,.0675,56,217,.0178,61.5,,,,,,,,,,,,,,,
02/18/2022 12:00:00,424031,4,580,E,ML,.395,357,100,2174,.0503,62.7,0,0,0,0,.1,.5,1011,.0596,69.1,881,.0685,55.8,282,.0229,60.9,,,,,,,,,,,,,,,
02/18/2022 13:00:00,424031,4,580,E,ML,.395,360,100,2824,.0638,61.7,0,0,0,0,0,.4,1326,.0784,65.8,1039,.0794,56.9,459,.0334,60.6,,,,,,,,,,,,,,,
02/18/2022 14:00:00,424031,4,580,E,ML,.395,360,100,3468,.076,63.2,0,0,0,0,0,.2,1352,.0776,67,1148,.0784,62.9,968,.0722,58.2,,,,,,,,,,,,,,,
02/18/2022 15:00:00,424031,4,580,E,ML,.395,360,100,3878,.0827,63.3,0,0,0,0,.1,.6,1410,.0806,67.5,1269,.0829,65.9,1199,.0846,55.7,,,,,,,,,,,,,,,
02/18/2022 16:00:00,424031,4,580,E,ML,.395,357,100,4250,.0907,63.5,0,0,0,0,0,.5,1634,.0943,66.8,1367,.0895,66.3,1249,.0883,56.3,,,,,,,,,,,,,,,
02/18/2022 17:00:00,424031,4,580,E,ML,.395,360,100,4142,.0886,63.1,0,0,0,0,0,.6,1557,.0902,66.6,1316,.0867,65.7,1269,.0889,56.1,,,,,,,,,,,,,,,
02/18/2022 18:00:00,424031,4,580,E,ML,.395,360,100,3519,.0807,59.5,0,0,0,0,.3,.9,1344,.0832,62.7,1167,.083,61.3,1008,.076,52.9,,,,,,,,,,,,,,,
02/18/2022 19:00:00,424031,4,580,E,ML,.395,359,100,2288,.0505,62.9,0,0,0,0,0,0,998,.0623,62.3,872,.0589,64.4,418,.0302,60.7,,,,,,,,,,,,,,,
02/18/2022 20:00:00,424031,4,580,E,ML,.395,357,100,1670,.0362,66.8,0,0,0,0,0,0,768,.0457,67.5,678,.0475,67.1,224,.0155,62.6,,,,,,,,,,,,,,,
02/18/2022 21:00:00,424031,4,580,E,ML,.395,360,100,1192,.0258,67.2,0,0,0,0,0,0,538,.0314,68.3,520,.0362,67.3,134,.0098,62.5,,,,,,,,,,,,,,,
02/18/2022 22:00:00,424031,4,580,E,ML,.395,359,100,896,.0192,68.8,0,0,0,0,0,0,397,.0233,69.2,396,.0262,70.2,103,.0082,62.1,,,,,,,,,,,,,,,
02/18/2022 23:00:00,424031,4,580,E,ML,.395,358,100,589,.0132,69.2,0,0,0,0,0,0,254,.0146,70.9,270,.0191,69.2,65,.0059,62,,,,,,,,,,,,,,,
02/19/2022 00:00:00,424031,4,580,E,ML,.395,356,100,455,.0099,68.5,0,0,0,0,0,0,144,.0079,72,187,.0138,69.1,124,.0079,63.6,,,,,,,,,,,,,,,
02/19/2022 01:00:00,424031,4,580,E,ML,.395,360,100,1503,.0356,69.9,0,0,0,0,0,0,95,.0056,71.8,156,.0128,68.5,1252,.0886,69.8,,,,,,,,,,,,,,,
02/19/2022 02:00:00,424031,4,580,E,ML,.395,360,100,1065,.0384,52.2,0,0,.1,.5,1,1.5,85,.0048,72,122,.0104,69.2,858,.0999,47.7,,,,,,,,,,,,,,,
02/19/2022 03:00:00,424031,4,580,E,ML,.395,360,100,1030,.0528,42.8,.3,.8,1.5,2.2,2.8,3.3,86,.0049,71.9,96,.0083,68.9,848,.1451,37.5,,,,,,,,,,,,,,,
02/19/2022 04:00:00,424031,4,580,E,ML,.395,357,100,1704,.107,35.5,3.5,5.5,7.1,8.3,9.3,10.1,144,.0083,71.7,149,.0116,68.9,1411,.3012,28.7,,,,,,,,,,,,,,,
02/19/2022 05:00:00,424031,4,580,E,ML,.395,359,100,2259,.1463,30.9,12.9,15.5,17.5,19.1,20.4,21.4,196,.0112,71.7,246,.0177,69.1,1817,.4101,21.5,,,,,,,,,,,,,,,
02/19/2022 06:00:00,424031,4,580,E,ML,.395,360,100,2428,.1418,32.5,18.2,20.7,22.6,24.1,25.4,26.4,337,.0189,71.3,341,.0227,70.4,1750,.3838,18.2,,,,,,,,,,,,,,,
02/19/2022 07:00:00,424031,4,580,E,ML,.395,360,100,2924,.2774,32.2,48.5,51.2,53.2,54.9,56.2,57.3,541,.0308,71,503,.0341,68.7,1880,.7672,10.7,,,,,,,,,,,,,,,
02/19/2022 08:00:00,424031,4,580,E,ML,.395,356,100,2982,.1583,41.1,17.9,20.1,21.8,23.2,24.3,25.3,747,.0421,71.1,680,.045,70.1,1555,.3877,17.3,,,,,,,,,,,,,,,
02/19/2022 09:00:00,424031,4,580,E,ML,.395,358,100,2329,.0527,65.5,0,.2,.4,.6,.8,1.1,958,.0542,71.6,828,.0547,70.1,543,.0494,46.9,,,,,,,,,,,,,,,
02/19/2022 10:00:00,424031,4,580,E,ML,.395,359,100,2158,.0458,65.9,0,0,0,0,0,0,1032,.0603,69.7,942,.0638,62.4,184,.0131,62.8,,,,,,,,,,,,,,,
02/19/2022 11:00:00,424031,4,580,E,ML,.395,354,100,2315,.0487,66.2,0,0,0,0,0,0,1158,.0694,68.6,938,.0613,64,219,.0153,62.6,,,,,,,,,,,,,,,
02/19/2022 12:00:00,424031,4,580,E,ML,.395,357,100,2313,.0476,67.3,0,0,0,0,0,0,1094,.0638,70.1,963,.0617,65.3,256,.0173,62.7,,,,,,,,,,,,,,,
02/19/2022 13:00:00,424031,4,580,E,ML,.395,360,100,2527,.0506,66.9,0,0,0,0,0,0,1205,.0686,68.1,1026,.0648,66.4,296,.0184,63.9,,,,,,,,,,,,,,,
02/19/2022 14:00:00,424031,4,580,E,ML,.395,360,100,2723,.0542,67.3,0,0,0,0,0,0,1084,.0607,69.2,1089,.0662,68.7,550,.0358,60.7,,,,,,,,,,,,,,,
02/19/2022 15:00:00,424031,4,580,E,ML,.395,360,100,3036,.06,67.5,0,0,0,0,0,0,1202,.0673,69.3,1177,.0722,68.3,657,.0405,62.8,,,,,,,,,,,,,,,
02/19/2022 16:00:00,424031,4,580,E,ML,.395,357,100,3664,.0746,65.7,0,0,0,0,0,0,1504,.0865,67.6,1326,.0838,66.5,834,.0535,61.1,,,,,,,,,,,,,,,
02/19/2022 17:00:00,424031,4,580,E,ML,.395,360,100,3716,.076,65.3,0,0,0,0,0,0,1494,.0867,67,1338,.0845,66.4,884,.0566,60.7,,,,,,,,,,,,,,,
02/19/2022 18:00:00,424031,4,580,E,ML,.395,111,42,3356,.0725,62.3,0,0,0,0,0,.2,1387,.0851,63.9,1211,.0817,61.5,758,.0508,60.1,,,,,,,,,,,,,,,
02/19/2022 19:00:00,424031,4,580,E,ML,.395,360,100,2948,.0646,61.4,0,0,0,0,0,0,1317,.0827,61.7,1186,.0811,61.1,445,.0299,61.1,,,,,,,,,,,,,,,
02/19/2022 20:00:00,424031,4,580,E,ML,.395,356,100,1917,.0395,68.4,0,0,0,0,0,0,862,.05,70.1,853,.0555,68.1,202,.0129,62.5,,,,,,,,,,,,,,,
02/19/2022 21:00:00,424031,4,580,E,ML,.395,359,100,1559,.0325,67.6,0,0,0,0,0,0,684,.0397,69.1,741,.0491,67.1,134,.0088,62.6,,,,,,,,,,,,,,,
02/19/2022 22:00:00,424031,4,580,E,ML,.395,359,100,1087,.0215,70.6,0,0,0,0,0,0,449,.0249,71.3,543,.0328,71.4,95,.0068,62.2,,,,,,,,,,,,,,,
02/19/2022 23:00:00,424031,4,580,E,ML,.395,360,100,696,.014,69.8,0,0,0,0,0,0,256,.0137,72.1,387,.0236,69.3,53,.0046,62.1,,,,,,,,,,,,,,,
02/20/2022 00:00:00,424031,4,580,E,ML,.395,355,100,380,.0076,69.5,0,0,0,0,0,0,121,.0065,71.9,225,.0138,69.3,34,.0024,62.7,,,,,,,,,,,,,,,
02/20/2022 01:00:00,424031,4,580,E,ML,.395,358,100,277,.0061,68.9,0,0,0,0,0,0,57,.003,72,189,.0124,69.1,31,.0028,62.4,,,,,,,,,,,,,,,
02/20/2022 02:00:00,424031,4,580,E,ML,.395,360,100,859,.0168,71.6,0,0,0,0,0,0,64,.0035,71.8,161,.0104,69.9,634,.0364,72,,,,,,,,,,,,,,,
02/20/2022 03:00:00,424031,4,580,E,ML,.395,359,100,1143,.0301,65.8,0,0,.1,.2,.3,.4,58,.0032,71.8,140,.0094,69.3,945,.0777,64.2,,,,,,,,,,,,,,,
02/20/2022 04:00:00,424031,4,580,E,ML,.395,357,100,1377,.0767,34.8,3,4.6,5.9,6.9,7.7,8.4,62,.0034,71.7,149,.0092,69.9,1166,.2175,28.6,,,,,,,,,,,,,,,
02/20/2022 05:00:00,424031,4,580,E,ML,.395,359,100,1857,.115,33.6,4.9,7.1,8.9,10.3,11.4,12.4,92,.005,71.9,179,.0112,70,1586,.3288,27.5,,,,,,,,,,,,,,,
02/20/2022 06:00:00,424031,4,580,E,ML,.395,359,100,1834,.1055,38.1,4.2,6.2,7.7,8.9,9.9,10.7,195,.01,71.9,270,.0177,68.7,1369,.2887,27.5,,,,,,,,,,,,,,,
02/20/2022 07:00:00,424031,4,580,E,ML,.395,360,100,2049,.1013,38.7,7.7,9.6,11,12.2,13.2,14,331,.0176,71.5,389,.0242,69.7,1329,.2622,23.1,,,,,,,,,,,,,,,
02/20/2022 08:00:00,424031,4,580,E,ML,.395,357,100,2026,.0551,54.9,1,1.6,2.2,2.8,3.4,3.8,512,.0271,71.1,557,.0349,68.1,957,.1034,37.4,,,,,,,,,,,,,,,
02/20/2022 09:00:00,424031,4,580,E,ML,.395,360,100,1605,.0311,68.8,0,0,0,0,0,0,721,.0385,70.4,749,.046,68.4,135,.0089,62.8,,,,,,,,,,,,,,,
02/20/2022 10:00:00,424031,4,580,E,ML,.395,360,100,2113,.0415,68.1,0,0,0,0,0,0,1015,.056,70.4,906,.0557,66.6,192,.0128,62.1,,,,,,,,,,,,,,,
02/20/2022 11:00:00,424031,4,580,E,ML,.395,360,100,2364,.0464,66.1,0,0,0,0,0,0,1136,.0625,67,1032,.064,65.8,196,.0125,62.2,,,,,,,,,,,,,,,
02/20/2022 12:00:00,424031,4,580,E,ML,.395,357,100,2637,.0528,64.9,0,0,0,0,0,0,1254,.0709,65,1137,.0712,65.5,246,.0164,61.4,,,,,,,,,,,,,,,
02/20/2022 13:00:00,424031,4,580,E,ML,.395,358,100,2705,.0533,65.5,0,0,0,0,0,0,1302,.0737,65,1140,.0695,67,263,.0166,61.6,,,,,,,,,,,,,,,
02/20/2022 14:00:00,424031,4,580,E,ML,.395,360,100,2865,.0565,65.2,0,0,0,0,0,0,1158,.0651,65.1,1183,.0717,67.3,524,.0327,60.7,,,,,,,,,,,,,,,
02/20/2022 15:00:00,424031,4,580,E,ML,.395,360,100,3356,.0673,64.4,0,0,0,0,0,.1,1377,.0776,65.1,1320,.0817,66.3,659,.0425,59.2,,,,,,,,,,,,,,,
02/20/2022 16:00:00,424031,4,580,E,ML,.395,357,100,3354,.067,64.5,0,0,0,0,0,0,1372,.0778,64.9,1310,.081,66.2,672,.0421,60.6,,,,,,,,,,,,,,,
02/20/2022 17:00:00,424031,4,580,E,ML,.395,360,100,3522,.0711,64,0,0,0,0,0,0,1442,.0821,64.3,1309,.0811,65.7,771,.0501,60.6,,,,,,,,,,,,,,,
02/20/2022 18:00:00,424031,4,580,E,ML,.395,354,100,2900,.0619,61.4,0,0,0,0,0,.2,1159,.0696,61.5,1186,.0775,63,555,.0385,57.9,,,,,,,,,,,,,,,
02/20/2022 19:00:00,424031,4,580,E,ML,.395,360,100,2155,.0451,62.1,0,0,0,0,0,0,992,.0584,62.2,933,.0611,62.5,230,.0159,60.2,,,,,,,,,,,,,,,
02/20/2022 20:00:00,424031,4,580,E,ML,.395,356,100,1573,.0319,69.3,0,0,0,0,0,0,712,.0405,70.6,723,.045,69.4,138,.0101,61.9,,,,,,,,,,,,,,,
02/20/2022 21:00:00,424031,4,580,E,ML,.395,357,100,1343,.0268,69.7,0,0,0,0,0,0,528,.029,72,578,.0361,69.6,237,.0153,64.8,,,,,,,,,,,,,,,
02/20/2022 22:00:00,424031,4,580,E,ML,.395,360,100,2744,.0701,57.1,0,0,0,.4,1.4,2.3,360,.0194,72,447,.028,70.6,1937,.1631,51.1,,,,,,,,,,,,,,,
02/20/2022 23:00:00,424031,4,580,E,ML,.395,360,100,1966,.0616,50.5,0,.1,.7,1.8,2.8,3.7,196,.0104,72,292,.0176,70.8,1478,.1569,43.5,,,,,,,,,,,,,,,
02/21/2022 00:00:00,424031,4,580,E,ML,.395,357,100,1189,.0591,37.6,3.2,4.3,5.1,5.9,6.5,7,111,.006,71.8,199,.0139,69,879,.1574,27.2,,,,,,,,,,,,,,,
02/21/2022 01:00:00,424031,4,580,E,ML,.395,358,100,1789,.1175,28.7,8.7,10.9,12.6,14,15.2,16.1,55,.0029,72,143,.0095,70.2,1591,.34,23.6,,,,,,,,,,,,,,,
02/21/2022 02:00:00,424031,4,580,E,ML,.395,359,100,1883,.1317,24.2,14.5,17,18.9,20.4,21.6,22.6,56,.0034,71.6,110,.0088,70.1,1717,.3828,20,,,,,,,,,,,,,,,
02/21/2022 03:00:00,424031,4,580,E,ML,.395,360,100,1575,.1058,24.5,13.9,15.8,17.3,18.6,19.5,20.4,51,.0027,72,146,.0129,69.3,1378,.3018,18.5,,,,,,,,,,,,,,,
02/21/2022 04:00:00,424031,4,580,E,ML,.395,356,100,2138,.1556,23.8,22,24.6,26.7,28.3,29.6,30.7,95,.0051,71.9,183,.0171,68.5,1860,.4447,17.1,,,,,,,,,,,,,,,
02/21/2022 05:00:00,424031,4,580,E,ML,.395,360,100,2870,.2326,23.8,31.7,35.2,37.9,40.1,41.8,43.3,172,.0091,72,236,.0181,68.6,2462,.6705,16.3,,,,,,,,,,,,,,,
02/21/2022 06:00:00,424031,4,580,E,ML,.395,360,100,2891,.2933,26.1,48.6,51.7,54.1,56,57.5,58.9,327,.0179,72,384,.0279,67,2180,.8342,11.8,,,,,,,,,,,,,,,
02/21/2022 07:00:00,424031,4,580,E,ML,.395,342,100,1206,.1591,62.8,14.1,14.2,14.4,14.5,14.6,14.7,539,.0294,72.9,543,.0369,69.8,124,.4111,3.2,,,,,,,,,,,,,,,
02/21/2022 08:00:00,424031,4,580,E,ML,.395,341,100,1240,.1105,67,6,6.1,6.1,6.2,6.2,6.3,576,.0311,73.6,614,.0441,67.1,50,.2563,3,,,,,,,,,,,,,,,
02/21/2022 09:00:00,424031,4,580,E,ML,.395,360,100,3065,.1418,46.9,16.6,18,19.1,20,20.8,21.4,780,.043,74,750,.0542,63.3,1535,.3283,19.4,,,,,,,,,,,,,,,
02/21/2022 10:00:00,424031,4,580,E,ML,.395,360,100,2060,.0455,67.8,0,0,0,0,0,0,983,.0559,72,915,.065,64.2,162,.0155,62.2,,,,,,,,,,,,,,,
02/21/2022 11:00:00,424031,4,580,E,ML,.395,360,100,2460,.0541,67.1,0,0,0,0,0,0,1210,.0691,71.7,1059,.0772,62.7,191,.016,62.3,,,,,,,,,,,,,,,
02/21/2022 12:00:00,424031,4,580,E,ML,.395,356,100,2581,.0545,69.1,0,0,0,0,0,0,1248,.0705,72.4,1081,.0738,66.5,252,.0192,63.5,,,,,,,,,,,,,,,
02/21/2022 13:00:00,424031,4,580,E,ML,.395,360,100,2932,.0627,67.7,0,0,0,0,0,0,1420,.0824,70.4,1188,.0825,65.7,324,.0231,63,,,,,,,,,,,,,,,
02/21/2022 14:00:00,424031,4,580,E,ML,.395,359,100,3386,.0716,66.4,0,0,0,0,0,.1,1383,.0783,67.4,1272,.0835,69.1,731,.053,59.7,,,,,,,,,,,,,,,
02/21/2022 15:00:00,424031,4,580,E,ML,.395,360,100,3676,.0782,65.5,0,0,0,0,.2,.6,1452,.0824,67.4,1332,.0856,71,892,.0665,54.1,,,,,,,,,,,,,,,
02/21/2022 16:00:00,424031,4,580,E,ML,.395,357,100,4007,.0862,64.3,0,0,0,0,.4,.9,1594,.092,66.1,1434,.0916,70.3,979,.0749,52.4,,,,,,,,,,,,,,,
02/21/2022 17:00:00,424031,4,580,E,ML,.395,360,100,3763,.0813,63.7,0,0,0,0,.3,.8,1500,.0876,65.3,1332,.0858,69.2,931,.0704,53,,,,,,,,,,,,,,,
02/21/2022 18:00:00,424031,4,580,E,ML,.395,354,100,2810,.062,63.6,0,0,0,0,.2,.6,1110,.0649,65.3,1060,.0694,68.1,640,.0517,53,,,,,,,,,,,,,,,
02/21/2022 19:00:00,424031,4,580,E,ML,.395,360,100,2184,.0567,62.7,.7,1.1,1.4,1.7,2,2.3,781,.0443,71.6,747,.0499,70.9,656,.0758,39.1,,,,,,,,,,,,,,,
02/21/2022 20:00:00,424031,4,580,E,ML,.395,357,100,2739,.1417,40.3,14.4,16.7,18.5,19.9,21,22,551,.0314,71,592,.0391,71.9,1596,.3547,19.4,,,,,,,,,,,,,,,
02/21/2022 21:00:00,424031,4,580,E,ML,.395,360,100,1737,.0752,44.6,6.1,7.3,8.3,9,9.7,10.2,396,.0223,70,468,.0327,67.9,873,.1705,21.6,,,,,,,,,,,,,,,
02/21/2022 22:00:00,424031,4,580,E,ML,.395,360,100,2053,.1293,32.3,13.3,15.4,17.1,18.4,19.5,20.4,227,.0122,71.6,326,.0216,70.3,1500,.3542,19.6,,,,,,,,,,,,,,,
02/21/2022 23:00:00,424031,4,580,E,ML,.395,360,100,2731,.2361,21.9,34.3,37.7,40.3,42.5,44.2,45.6,127,.0073,71.6,199,.0152,69.5,2405,.6858,15.5,,,,,,,,,,,,,,,
02/22/2022 00:00:00,424031,4,580,E,ML,.395,356,100,2381,.2374,18.1,40,43.1,45.4,47.4,48.9,50.2,57,.003,71.9,143,.0111,69.3,2181,.6981,13.3,,,,,,,,,,,,,,,
02/22/2022 01:00:00,424031,4,580,E,ML,.395,292,100,372,.2634,21.4,17.3,17.6,17.9,18.1,18.3,18.4,29,.0019,71.7,94,.0087,68.8,249,.7795,4.9,,,,,,,,,,,,,,,
02/22/2022 02:00:00,424031,4,580,E,ML,.395,318,100,361,.3152,27.5,25.9,26.2,26.4,26.6,26.8,26.9,40,.0022,72,106,.0108,68.8,215,.9325,3,,,,,,,,,,,,,,,
02/22/2022 03:00:00,424031,4,580,E,ML,.395,344,100,179,.0324,62,1.2,1.2,1.2,1.2,1.2,1.3,54,.003,71.9,115,.0112,68.4,10,.0829,3,,,,,,,,,,,,,,,
02/22/2022 04:00:00,424031,4,580,E,ML,.395,357,100,373,.0087,70.8,0,0,0,0,0,0,178,.0095,72.1,195,.0166,69.7,0,0,3,,,,,,,,,,,,,,,
02/22/2022 05:00:00,424031,4,580,E,ML,.395,360,100,797,.0173,71,0,0,0,0,0,0,448,.0252,71.7,349,.0266,69.9,0,0,3,,,,,,,,,,,,,,,
02/22/2022 06:00:00,424031,4,580,E,ML,.395,360,100,1293,.0671,61.4,12.9,13.1,13.2,13.4,13.5,13.5,644,.0373,73.7,505,.0383,70.8,144,.1258,3.9,,,,,,,,,,,,,,,
02/22/2022 07:00:00,424031,4,580,E,ML,.395,342,100,1910,.244,49.4,37.4,38.1,38.6,39.1,39.4,39.7,796,.0473,70.4,613,.0434,71.2,501,.6414,4.6,,,,,,,,,,,,,,,
02/22/2022 08:00:00,424031,4,580,E,ML,.395,349,100,1690,.1478,52.5,26,26.5,26.9,27.1,27.4,27.6,727,.0422,72,632,.0474,67.9,331,.354,4.4,,,,,,,,,,,,,,,
02/22/2022 09:00:00,424031,4,580,E,ML,.395,360,100,2688,.1095,47.7,6.5,7.5,8.4,9.1,9.7,10.5,703,.0422,68.9,703,.0555,58,1282,.2308,27.5,,,,,,,,,,,,,,,
02/22/2022 10:00:00,424031,4,580,E,ML,.395,360,100,1804,.0454,61.4,0,0,0,0,.2,.7,844,.0507,69.3,772,.0651,53.1,188,.0203,59.8,,,,,,,,,,,,,,,
02/22/2022 11:00:00,424031,4,580,E,ML,.395,360,100,1823,.0442,61.9,0,0,0,0,.2,.7,869,.0511,70,782,.0657,53.1,172,.0159,60.5,,,,,,,,,,,,,,,
02/22/2022 12:00:00,424031,4,580,E,ML,.395,357,100,2022,.0505,60.3,0,0,0,0,.2,.6,925,.0585,65.7,844,.0687,54.9,253,.0242,58.4,,,,,,,,,,,,,,,
02/22/2022 13:00:00,424031,4,580,E,ML,.395,360,100,2370,.0536,64.1,0,0,0,0,0,.2,1128,.065,69.1,913,.0688,59.1,329,.027,60.5,,,,,,,,,,,,,,,
02/22/2022 14:00:00,424031,4,580,E,ML,.395,360,100,2661,.059,65.4,0,0,0,0,0,0,1055,.0599,70.6,958,.0681,62.6,648,.049,61,,,,,,,,,,,,,,,
02/22/2022 15:00:00,424031,4,580,E,ML,.395,360,100,3586,.0793,63.8,0,0,0,0,.2,.8,1348,.077,70.5,1162,.0799,64.6,1076,.0809,54.1,,,,,,,,,,,,,,,
02/22/2022 16:00:00,424031,4,580,E,ML,.395,357,100,4079,.0918,62.2,0,0,0,0,.6,1.3,1576,.0941,67,1330,.0892,66.1,1173,.0921,51.4,,,,,,,,,,,,,,,
02/22/2022 17:00:00,424031,4,580,E,ML,.395,360,100,3801,.0906,59.7,0,0,0,.2,.8,1.7,1402,.0882,64.7,1231,.0883,63.2,1168,.0954,50,,,,,,,,,,,,,,,
02/22/2022 18:00:00,424031,4,580,E,ML,.395,354,100,3142,.0785,56.4,0,0,.2,.9,1.6,2.3,1158,.0726,63.2,1077,.0804,59.3,907,.0824,44.2,,,,,,,,,,,,,,,
02/22/2022 19:00:00,424031,4,580,E,ML,.395,360,100,2148,.0565,59.3,.2,.5,.7,1.1,1.5,2,760,.0464,68.1,672,.0492,66.8,716,.0741,42.4,,,,,,,,,,,,,,,
02/22/2022 20:00:00,424031,4,580,E,ML,.395,357,100,1843,.0778,46.4,5.5,6.7,7.7,8.5,9.1,9.6,471,.0268,70.7,496,.0365,66.9,876,.1701,22.5,,,,,,,,,,,,,,,
02/22/2022 21:00:00,424031,4,580,E,ML,.395,360,100,1471,.0619,44,4.6,5.6,6.4,7,7.6,8,387,.0226,69.5,352,.0257,66.6,732,.1374,22.5,,,,,,,,,,,,,,,
02/22/2022 22:00:00,424031,4,580,E,ML,.395,360,100,2032,.122,32.8,13.6,15.6,17.1,18.3,19.3,20.2,311,.0186,69.1,317,.0242,66.3,1404,.323,18.8,,,,,,,,,,,,,,,
02/22/2022 23:00:00,424031,4,580,E,ML,.395,359,100,2512,.2274,23.1,28,31.1,33.5,35.4,37,38.3,136,.008,71.5,183,.0131,69.8,2193,.661,16.4,,,,,,,,,,,,,,,
02/23/2022 00:00:00,424031,4,580,E,ML,.395,356,100,2220,.1977,27.8,10.4,13.3,15.6,17.3,18.8,20,64,.0039,71.7,116,.0099,69.1,2040,.5794,24.1,,,,,,,,,,,,,,,
02/23/2022 01:00:00,424031,4,580,E,ML,.395,359,100,2290,.2141,26.5,11.9,15,17.3,19.2,20.7,22,55,.0033,71.6,93,.0088,69,2142,.6301,23.4,,,,,,,,,,,,,,,
02/23/2022 02:00:00,424031,4,580,E,ML,.395,342,100,431,.1086,21.7,6.8,7.2,7.6,7.9,8.1,8.3,38,.0022,71.9,74,.0072,69.8,319,.3164,12.1,,,,,,,,,,,,,,,
02/23/2022 03:00:00,424031,4,580,E,ML,.395,357,100,199,.006,69.2,0,0,0,0,0,0,84,.0046,71.9,115,.0135,67.1,0,0,5.3,,,,,,,,,,,,,,,
02/23/2022 04:00:00,424031,4,580,E,ML,.395,357,100,364,.0093,69.7,0,0,0,0,0,0,179,.01,71.8,185,.018,67.8,0,0,5.3,,,,,,,,,,,,,,,
02/23/2022 05:00:00,424031,4,580,E,ML,.395,360,100,3131,.251,30.1,26,29.3,32,34.1,35.8,37.3,412,.0234,71.2,318,.0261,67.7,2401,.7035,17.9,,,,,,,,,,,,,,,
02/23/2022 06:00:00,424031,4,580,E,ML,.395,338,100,1750,.2879,43.9,23.8,24.7,25.4,26,26.5,26.9,632,.0365,71.2,470,.0364,65.8,648,.7908,8.2,,,,,,,,,,,,,,,
02/23/2022 07:00:00,424031,4,580,E,ML,.395,359,100,1388,.0302,69.2,0,0,0,0,0,0,796,.0469,69.7,592,.0436,68.5,0,0,3,,,,,,,,,,,,,,,
02/23/2022 08:00:00,424031,4,580,E,ML,.395,350,100,2098,.2029,42.9,25.4,26.4,27.3,28,28.5,29,702,.0418,68.8,633,.0479,67.6,763,.519,8.9,,,,,,,,,,,,,,,
02/23/2022 09:00:00,424031,4,580,E,ML,.395,360,100,2411,.087,49,3.3,4.2,4.9,5.5,6.1,6.9,752,.0465,67.1,670,.0553,56.2,989,.1592,29.7,,,,,,,,,,,,,,,
02/23/2022 10:00:00,424031,4,580,E,ML,.395,357,100,1817,.0444,62.4,0,0,0,0,.1,.5,863,.0518,69.2,746,.0629,54.6,208,.0184,61.4,,,,,,,,,,,,,,,
02/23/2022 11:00:00,424031,4,580,E,ML,.395,360,100,1929,.0468,62.1,0,0,0,0,.1,.6,926,.0559,68.9,780,.0649,54.4,223,.0195,60.2,,,,,,,,,,,,,,,
02/23/2022 12:00:00,424031,4,580,E,ML,.395,355,100,2015,.0483,62.5,0,0,0,0,.1,.4,954,.0579,68.6,796,.0644,55.7,265,.0225,60.8,,,,,,,,,,,,,,,
02/23/2022 13:00:00,424031,4,580,E,ML,.395,360,100,2378,.0543,62.9,0,0,0,0,0,.2,1123,.0663,66.8,909,.0709,58.6,346,.0257,61,,,,,,,,,,,,,,,
02/23/2022 14:00:00,424031,4,580,E,ML,.395,360,100,3043,.0661,64.4,0,0,0,0,0,.3,1201,.0687,68.4,1079,.0747,64.9,763,.0549,57.2,,,,,,,,,,,,,,,
02/23/2022 15:00:00,424031,4,580,E,ML,.395,360,100,3435,.0723,66.5,0,0,0,0,0,.2,1227,.0679,70.8,1136,.0742,69.2,1072,.0746,58.7,,,,,,,,,,,,,,,
02/23/2022 16:00:00,424031,4,580,E,ML,.395,357,100,4500,.0998,62.7,0,0,0,0,0,.4,1713,.103,65.5,1426,.0998,64.4,1361,.0965,57.4,,,,,,,,,,,,,,,
02/23/2022 17:00:00,424031,4,580,E,ML,.395,360,100,4172,.0889,65,0,0,0,0,0,.1,1580,.0929,66.7,1347,.0889,68.2,1245,.0851,59.5,,,,,,,,,,,,,,,
02/23/2022 18:00:00,424031,4,580,E,ML,.395,354,100,3170,.0713,62.6,0,0,0,0,.2,.5,1198,.071,66.1,1075,.0756,64.9,897,.0674,55.1,,,,,,,,,,,,,,,
02/23/2022 19:00:00,424031,4,580,E,ML,.395,360,100,1730,.0382,66.8,0,0,0,0,0,.1,703,.0404,69.8,716,.0501,67.7,311,.0239,57.8,,,,,,,,,,,,,,,
02/23/2022 20:00:00,424031,4,580,E,ML,.395,356,100,1221,.027,67.3,0,0,0,0,0,0,462,.0261,70.3,594,.0414,66.6,165,.0134,61.1,,,,,,,,,,,,,,,
02/23/2022 21:00:00,424031,4,580,E,ML,.395,359,100,1599,.0407,60.1,0,0,.1,.3,.5,.9,235,.0132,71.3,439,.0292,69.3,925,.0797,52.6,,,,,,,,,,,,,,,
02/23/2022 22:00:00,424031,4,580,E,ML,.395,360,100,919,.0288,53,.1,.4,.9,1.3,1.6,1.9,143,.0078,71.9,317,.0217,69.9,459,.057,36.9,,,,,,,,,,,,,,,
02/23/2022 23:00:00,424031,4,580,E,ML,.395,360,100,804,.0292,49.2,.1,.4,.9,1.3,1.7,1.9,103,.0056,71.9,215,.0165,68.7,486,.0656,37.3,,,,,,,,,,,,,,,
02/24/2022 00:00:00,424031,4,580,E,ML,.395,357,100,657,.0299,50.1,0,0,.3,.6,.9,1.2,42,.0024,71.9,129,.0109,68.1,486,.0763,43.8,,,,,,,,,,,,,,,
02/24/2022 01:00:00,424031,4,580,E,ML,.395,360,100,1006,.0619,36.8,1.1,2.2,3.2,3.9,4.5,5.1,30,.0019,71.6,110,.0098,69.3,866,.1741,31.8,,,,,,,,,,,,,,,
02/24/2022 02:00:00,424031,4,580,E,ML,.395,360,100,1345,.0969,31.6,3.3,5,6.3,7.4,8.3,9.1,20,.0016,71.5,92,.0094,69.2,1233,.2797,28.4,,,,,,,,,,,,,,,
02/24/2022 03:00:00,424031,4,580,E,ML,.395,360,100,1582,.2012,23,18.7,20.7,22.2,23.5,24.5,25.4,51,.0031,71.7,105,.0107,68.4,1426,.5898,16.2,,,,,,,,,,,,,,,
02/24/2022 04:00:00,424031,4,580,E,ML,.395,327,100,686,.2621,33.9,26.3,26.7,27,27.3,27.5,27.6,141,.0077,72,262,.0252,66.3,283,.7533,3.8,,,,,,,,,,,,,,,
02/24/2022 05:00:00,424031,4,580,E,ML,.395,340,100,757,.0428,68.5,2.5,2.6,2.6,2.6,2.6,2.6,333,.0184,72.2,403,.0307,69.2,21,.0791,3,,,,,,,,,,,,,,,
02/24/2022 06:00:00,424031,4,580,E,ML,.395,340,100,1462,.2667,50.7,40.8,41.4,41.8,42.1,42.4,42.7,500,.0273,72.7,577,.0414,71.9,385,.7314,3.4,,,,,,,,,,,,,,,
02/24/2022 07:00:00,424031,4,580,E,ML,.395,360,100,1241,.0266,70.6,0,0,0,0,0,0,583,.0324,71.8,658,.0476,69.6,0,0,3,,,,,,,,,,,,,,,
02/24/2022 08:00:00,424031,4,580,E,ML,.395,353,100,2223,.1865,43,24.2,25.5,26.5,27.3,28,28.5,583,.032,73.5,718,.0526,69.2,922,.4749,10.5,,,,,,,,,,,,,,,
02/24/2022 09:00:00,424031,4,580,E,ML,.395,291,92,2033,.0586,58.3,.8,1.1,1.3,1.6,1.8,2.2,546,.031,71.2,768,.0582,60.4,719,.0867,42.4,,,,,,,,,,,,,,,
02/24/2022 10:00:00,424031,4,580,E,ML,.395,359,100,1724,.0412,63.4,0,0,0,0,0,.2,649,.0375,70.5,873,.068,58.4,202,.0179,62.2,,,,,,,,,,,,,,,
02/24/2022 11:00:00,424031,4,580,E,ML,.395,360,100,1854,.0456,61.8,0,0,0,0,0,.4,719,.0428,69,907,.0733,56.3,228,.0206,60.6,,,,,,,,,,,,,,,
02/24/2022 12:00:00,424031,4,580,E,ML,.395,360,100,2005,.0482,63.3,0,0,0,0,0,.2,711,.0413,70.7,916,.0717,58.5,378,.0317,60.9,,,,,,,,,,,,,,,
02/24/2022 13:00:00,424031,4,580,E,ML,.395,288,92,2190,.0505,62.9,0,0,0,0,0,.3,864,.0497,68.6,953,.0724,59.4,373,.0294,58.4,,,,,,,,,,,,,,,
02/24/2022 14:00:00,424031,4,580,E,ML,.395,360,100,3051,.0668,65.5,0,0,0,0,0,0,1181,.0678,68.5,1095,.0763,65.4,775,.0562,61.1,,,,,,,,,,,,,,,
02/24/2022 15:00:00,424031,4,580,E,ML,.395,360,100,3922,.0861,64.4,0,0,0,0,0,.3,1447,.0844,67.5,1271,.0873,66.7,1204,.0867,58.3,,,,,,,,,,,,,,,
02/24/2022 16:00:00,424031,4,580,E,ML,.395,360,100,4172,.0904,64.9,0,0,0,0,0,.1,1565,.0917,67.2,1337,.0904,67.1,1270,.089,59.6,,,,,,,,,,,,,,,
02/24/2022 17:00:00,424031,4,580,E,ML,.395,360,100,4177,.0919,63.5,0,0,0,0,0,.3,1585,.0944,65.6,1280,.0871,66.8,1312,.0942,57.7,,,,,,,,,,,,,,,
02/24/2022 18:00:00,424031,4,580,E,ML,.395,360,100,2921,.0635,64.9,0,0,0,0,0,.1,1081,.064,66.3,1005,.068,67.9,835,.0585,59.4,,,,,,,,,,,,,,,
02/24/2022 19:00:00,424031,4,580,E,ML,.395,360,100,1862,.0411,66.3,0,0,0,0,0,0,806,.0489,69.4,691,.0489,64.7,365,.0257,62.1,,,,,,,,,,,,,,,
02/24/2022 20:00:00,424031,4,580,E,ML,.395,359,100,1187,.0254,69.3,0,0,0,0,0,0,492,.0284,71.5,537,.037,69.1,158,.0109,62.6,,,,,,,,,,,,,,,
02/24/2022 21:00:00,424031,4,580,E,ML,.395,360,100,935,.0202,68.7,0,0,0,0,0,0,433,.0249,70.5,386,.0266,68.6,116,.0091,62.2,,,,,,,,,,,,,,,
02/24/2022 22:00:00,424031,4,580,E,ML,.395,359,100,703,.0155,68.6,0,0,0,0,0,0,312,.0179,70.4,295,.0214,68.5,96,.0072,62.8,,,,,,,,,,,,,,,
02/24/2022 23:00:00,424031,4,580,E,ML,.395,358,100,929,.0194,70.4,0,0,0,0,0,0,160,.0092,71.5,192,.0145,67.6,577,.0345,70.9,,,,,,,,,,,,,,,
02/25/2022 00:00:00,424031,4,580,E,ML,.395,360,67,639,.0167,64.1,0,0,0,0,0,0,99,.0058,71.7,139,.0114,68.6,401,.0329,60.6,,,,,,,,,,,,,,,
02/25/2022 01:00:00,424031,4,580,E,ML,.395,360,67,537,.0155,63.3,0,0,0,0,0,0,72,.0045,71.8,94,.01,68.3,371,.0319,60.4,,,,,,,,,,,,,,,
02/25/2022 02:00:00,424031,4,580,E,ML,.395,360,67,482,.0138,63.3,0,0,0,0,0,0,45,.0025,72,77,.0084,69.2,360,.0306,61,,,,,,,,,,,,,,,
02/25/2022 03:00:00,424031,4,580,E,ML,.395,360,67,529,.0154,63.5,0,0,0,0,0,0,69,.0042,71.8,92,.01,68.8,368,.0319,60.7,,,,,,,,,,,,,,,
02/25/2022 04:00:00,424031,4,580,E,ML,.395,359,67,822,.0247,61.6,0,0,0,0,0,.2,173,.0102,71.7,206,.0224,62.7,443,.0415,57.1,,,,,,,,,,,,,,,
02/25/2022 05:00:00,424031,4,580,E,ML,.395,357,67,1228,.0306,66.9,0,0,0,0,0,0,304,.0167,71.7,375,.0287,70.8,549,.0465,61.6,,,,,,,,,,,,,,,
02/25/2022 06:00:00,424031,4,580,E,ML,.395,330,67,1619,.0391,67.6,0,0,0,0,0,0,441,.0243,71.8,529,.0386,70.7,649,.0543,62.3,,,,,,,,,,,,,,,
02/25/2022 07:00:00,424031,4,580,E,ML,.395,354,67,1932,.046,68,0,0,0,0,0,0,538,.0297,71.8,661,.0474,71.4,733,.061,62.1,,,,,,,,,,,,,,,
02/25/2022 08:00:00,424031,4,580,E,ML,.395,356,67,2042,.0502,65.9,0,0,0,0,0,.1,539,.0305,71,729,.054,69.5,774,.0662,58.9,,,,,,,,,,,,,,,
02/25/2022 09:00:00,424031,4,580,E,ML,.395,360,67,2178,.0536,61.2,0,0,0,0,.1,.7,615,.0346,72.7,764,.0574,59.2,799,.0688,54.1,,,,,,,,,,,,,,,
02/25/2022 10:00:00,424031,4,580,E,ML,.395,358,67,2448,.0626,59.2,0,0,0,0,.5,1.4,723,.0415,72.4,862,.0685,55.3,863,.0776,51.9,,,,,,,,,,,,,,,
02/25/2022 11:00:00,424031,4,580,E,ML,.395,358,67,2764,.0694,59.3,0,0,0,0,.4,1.5,787,.0446,72.5,1016,.0783,56.1,961,.0854,52,,,,,,,,,,,,,,,
02/25/2022 12:00:00,424031,4,580,E,ML,.395,360,67,2929,.0718,60.3,0,0,0,0,.2,1,856,.0495,70.6,1076,.0795,58.4,997,.0863,53.4,,,,,,,,,,,,,,,
02/25/2022 13:00:00,424031,4,580,E,ML,.395,359,67,2827,.0667,61.5,0,0,0,0,.1,.7,963,.0542,69,949,.0682,60.2,915,.0776,54.7,,,,,,,,,,,,,,,
02/25/2022 14:00:00,424031,4,580,E,ML,.395,360,67,3376,.0764,63.4,0,0,0,0,0,.3,1184,.0663,68.7,1147,.0784,63.3,1045,.0846,57.3,,,,,,,,,,,,,,,
02/25/2022 15:00:00,424031,4,580,E,ML,.395,360,67,3889,.085,65.2,0,0,0,0,0,.1,1444,.0824,67.7,1305,.0839,67.2,1140,.0888,59.6,,,,,,,,,,,,,,,
02/25/2022 16:00:00,424031,4,580,E,ML,.395,360,67,4071,.091,63.6,0,0,0,0,0,.3,1605,.0927,66.9,1315,.088,64.8,1151,.0923,57.8,,,,,,,,,,,,,,,
02/25/2022 17:00:00,424031,4,580,E,ML,.395,360,67,3923,.0855,65.2,0,0,0,0,0,.1,1534,.0873,67.7,1266,.0815,67.2,1123,.0877,59.5,,,,,,,,,,,,,,,
02/25/2022 18:00:00,424031,4,580,E,ML,.395,359,67,3359,.077,62.5,0,0,0,0,0,.3,1254,.075,64.9,1096,.0744,64.4,1009,.0817,57.4,,,,,,,,,,,,,,,
02/25/2022 19:00:00,424031,4,580,E,ML,.395,354,67,2672,.062,61.9,0,0,0,0,0,.3,871,.0506,66.2,911,.0626,62.6,890,.0727,56.8,,,,,,,,,,,,,,,
02/25/2022 20:00:00,424031,4,580,E,ML,.395,360,67,2010,.0473,65.6,0,0,0,0,0,.1,558,.0315,71.3,696,.0486,67.1,756,.0619,60.1,,,,,,,,,,,,,,,
02/25/2022 21:00:00,424031,4,580,E,ML,.395,359,67,1514,.0348,67.2,0,0,0,0,0,0,305,.0168,71.8,548,.0356,70.9,661,.0519,62,,,,,,,,,,,,,,,
02/25/2022 22:00:00,424031,4,580,E,ML,.395,358,67,1421,.0334,65.8,0,0,0,0,0,0,286,.0159,71.4,502,.0338,69,633,.0505,60.7,,,,,,,,,,,,,,,
02/25/2022 23:00:00,424031,4,580,E,ML,.395,359,67,995,.0236,66.1,0,0,0,0,0,0,142,.0079,71.8,330,.0218,70.4,523,.0411,61.7,,,,,,,,,,,,,,,
02/26/2022 00:00:00,424031,4,580,E,ML,.395,360,67,808,.0201,64.8,0,0,0,0,0,0,102,.0059,71.8,241,.0171,69.3,465,.0374,61,,,,,,,,,,,,,,,
02/26/2022 01:00:00,424031,4,580,E,ML,.395,360,67,641,.0165,64.8,0,0,0,0,0,0,50,.0028,71.9,171,.0127,70.4,420,.034,61.7,,,,,,,,,,,,,,,
02/26/2022 02:00:00,424031,4,580,E,ML,.395,360,67,566,.0151,63.9,0,0,0,0,0,0,41,.0023,72,130,.0106,69.5,395,.0324,61.2,,,,,,,,,,,,,,,
02/26/2022 03:00:00,424031,4,580,E,ML,.395,360,67,548,.0147,63.6,0,0,0,0,0,0,43,.0025,71.9,118,.0099,69.3,387,.0318,61,,,,,,,,,,,,,,,
02/26/2022 04:00:00,424031,4,580,E,ML,.395,359,67,681,.0182,63.5,0,0,0,0,0,0,74,.0043,71.8,181,.0148,68,426,.0356,60.2,,,,,,,,,,,,,,,
02/26/2022 05:00:00,424031,4,580,E,ML,.395,360,67,893,.0222,65.3,0,0,0,0,0,0,143,.008,71.9,268,.0194,69.4,482,.0392,61.1,,,,,,,,,,,,,,,
02/26/2022 06:00:00,424031,4,580,E,ML,.395,360,67,1106,.0265,65.1,0,0,0,0,0,0,211,.0119,71.8,357,.0245,68.2,538,.0432,60.4,,,,,,,,,,,,,,,
02/26/2022 07:00:00,424031,4,580,E,ML,.395,335,67,1556,.0364,66.2,0,0,0,0,0,0,399,.0225,71.3,517,.0353,68.7,640,.0516,60.8,,,,,,,,,,,,,,,
02/26/2022 08:00:00,424031,4,580,E,ML,.395,357,67,1949,.0443,66.8,0,0,0,0,0,0,532,.0293,72.3,676,.0447,69.3,741,.0588,60.7,,,,,,,,,,,,,,,
02/26/2022 09:00:00,424031,4,580,E,ML,.395,360,67,2406,.0546,64.5,0,0,0,0,0,.2,724,.0406,72.1,837,.0556,64.5,845,.0675,58,,,,,,,,,,,,,,,
02/26/2022 10:00:00,424031,4,580,E,ML,.395,359,67,2762,.0612,65.6,0,0,0,0,0,.2,760,.0417,73.9,1032,.0661,66,970,.0758,58.6,,,,,,,,,,,,,,,
02/26/2022 11:00:00,424031,4,580,E,ML,.395,360,67,2626,.0575,66.7,0,0,0,0,0,0,564,.0303,74.7,1068,.0663,68.6,994,.0758,60.1,,,,,,,,,,,,,,,
02/26/2022 12:00:00,424031,4,580,E,ML,.395,360,67,2788,.0609,66.7,0,0,0,0,0,0,597,.0332,72.9,1147,.0703,68.9,1044,.0792,60.8,,,,,,,,,,,,,,,
02/26/2022 13:00:00,424031,4,580,E,ML,.395,360,67,3068,.0661,66.9,0,0,0,0,0,0,906,.0502,70.4,1130,.0696,69.6,1032,.0785,60.8,,,,,,,,,,,,,,,
02/26/2022 14:00:00,424031,4,580,E,ML,.395,360,67,3159,.0652,68.4,0,0,0,0,0,0,1081,.0589,70.6,1081,.0636,71.7,997,.0731,62.4,,,,,,,,,,,,,,,
02/26/2022 15:00:00,424031,4,580,E,ML,.395,360,67,3406,.0725,65.5,0,0,0,0,0,.1,1198,.0674,68.7,1161,.0711,67.3,1047,.0789,59.7,,,,,,,,,,,,,,,
02/26/2022 16:00:00,424031,4,580,E,ML,.395,360,67,3854,.0822,65,0,0,0,0,0,.1,1396,.0801,67.6,1315,.0807,67.2,1143,.0859,59.3,,,,,,,,,,,,,,,
02/26/2022 17:00:00,424031,4,580,E,ML,.395,360,67,3900,.0854,63.3,0,0,0,0,0,.3,1402,.0811,66.5,1339,.0853,64.6,1159,.0896,57.8,,,,,,,,,,,,,,,
02/26/2022 18:00:00,424031,4,580,E,ML,.395,360,67,3132,.0701,62.5,0,0,0,0,0,.2,1073,.0636,65.5,1068,.0693,63.4,991,.0773,58.2,,,,,,,,,,,,,,,
02/26/2022 19:00:00,424031,4,580,E,ML,.395,357,67,2500,.0566,61.7,0,0,0,0,0,.3,851,.0499,65.7,818,.054,62.2,831,.0659,57,,,,,,,,,,,,,,,
02/26/2022 20:00:00,424031,4,580,E,ML,.395,360,67,1996,.0439,67.1,0,0,0,0,0,0,606,.0343,72.1,658,.0411,70.6,732,.0563,59.8,,,,,,,,,,,,,,,
02/26/2022 21:00:00,424031,4,580,E,ML,.395,358,67,1765,.0391,66.6,0,0,0,0,0,0,503,.0286,71,579,.0362,69.5,683,.0524,61,,,,,,,,,,,,,,,
02/26/2022 22:00:00,424031,4,580,E,ML,.395,360,67,1565,.0347,66.2,0,0,0,0,0,0,427,.0237,71.7,505,.0315,68.6,633,.0488,60.6,,,,,,,,,,,,,,,
02/26/2022 23:00:00,424031,4,580,E,ML,.395,356,67,1077,.0245,65.1,0,0,0,0,0,0,227,.0122,71.9,330,.0209,68.2,520,.0403,60.2,,,,,,,,,,,,,,,
02/27/2022 00:00:00,424031,4,580,E,ML,.395,360,100,405,.0078,70.1,0,0,0,0,0,0,131,.0071,71.8,242,.0141,70.2,32,.0021,62.9,,,,,,,,,,,,,,,
02/27/2022 01:00:00,424031,4,580,E,ML,.395,360,100,307,.0062,69.9,0,0,0,0,0,0,98,.0054,71.8,187,.0115,69.8,22,.0017,62.5,,,,,,,,,,,,,,,
02/27/2022 02:00:00,424031,4,580,E,ML,.395,360,100,329,.0068,68,0,0,0,0,0,0,68,.0037,71.8,145,.0101,69.1,116,.0067,64.3,,,,,,,,,,,,,,,
02/27/2022 03:00:00,424031,4,580,E,ML,.395,360,100,1289,.037,61.1,0,0,0,.2,.5,.7,57,.003,71.9,139,.0092,69.7,1093,.0986,59,,,,,,,,,,,,,,,
02/27/2022 04:00:00,424031,4,580,E,ML,.395,360,100,759,.0358,41.8,.6,1.2,1.8,2.3,2.7,3,49,.0026,71.9,139,.0089,69.6,571,.0958,33.3,,,,,,,,,,,,,,,
02/27/2022 05:00:00,424031,4,580,E,ML,.395,360,100,930,.048,40.9,1.3,2.2,2.9,3.5,4,4.4,99,.0053,71.8,173,.012,68.9,658,.1266,29.9,,,,,,,,,,,,,,,
02/27/2022 06:00:00,424031,4,580,E,ML,.395,359,100,1313,.0563,47.4,.5,1.4,2.3,3,3.6,4.1,210,.0108,71.7,289,.0176,69.8,814,.1403,33.9,,,,,,,,,,,,,,,
02/27/2022 07:00:00,424031,4,580,E,ML,.395,360,100,2157,.1163,37.6,10.3,12.3,13.9,15.1,16.1,17,318,.0169,71.3,411,.0256,69.9,1428,.3063,21.4,,,,,,,,,,,,,,,
02/27/2022 08:00:00,424031,4,580,E,ML,.395,360,100,1965,.0512,55.5,1.1,1.6,2.1,2.7,3.3,3.8,454,.0236,72.3,541,.0329,70.9,970,.0971,37.8,,,,,,,,,,,,,,,
02/27/2022 09:00:00,424031,4,580,E,ML,.395,360,100,1641,.0318,70.2,0,0,0,0,0,0,733,.0393,71.6,770,.0463,70.3,138,.0097,62.2,,,,,,,,,,,,,,,
02/27/2022 10:00:00,424031,4,580,E,ML,.395,360,100,2074,.0401,69.2,0,0,0,0,0,0,1006,.0548,71.2,909,.0555,68,159,.0099,62.5,,,,,,,,,,,,,,,
02/27/2022 11:00:00,424031,4,580,E,ML,.395,360,100,2162,.0421,67,0,0,0,0,0,0,958,.0522,67.6,1019,.0624,67.3,185,.0118,62.5,,,,,,,,,,,,,,,
02/27/2022 12:00:00,424031,4,580,E,ML,.395,360,100,2535,.0494,66.4,0,0,0,0,0,0,1191,.0662,66.2,1096,.0671,67.5,248,.0149,62.7,,,,,,,,,,,,,,,
02/27/2022 13:00:00,424031,4,580,E,ML,.395,359,100,2816,.0553,65.7,0,0,0,0,0,0,1373,.077,65.5,1177,.073,66.5,266,.0157,62.9,,,,,,,,,,,,,,,
02/27/2022 14:00:00,424031,4,580,E,ML,.395,360,100,2859,.0547,67.3,0,0,0,0,0,0,1165,.0633,67.3,1149,.0695,68.1,545,.0311,65.4,,,,,,,,,,,,,,,
02/27/2022 15:00:00,424031,4,580,E,ML,.395,360,100,2937,.056,67.9,0,0,0,0,0,0,1208,.066,67.4,1174,.0701,69.4,555,.0317,65.8,,,,,,,,,,,,,,,
02/27/2022 16:00:00,424031,4,580,E,ML,.395,360,100,3150,.0614,66.1,0,0,0,0,0,0,1331,.0736,66.2,1220,.0744,67.6,599,.0363,63,,,,,,,,,,,,,,,
02/27/2022 17:00:00,424031,4,580,E,ML,.395,359,100,2942,.058,65.6,0,0,0,0,0,0,1239,.0692,65.9,1137,.07,67,566,.0349,62,,,,,,,,,,,,,,,
02/27/2022 18:00:00,424031,4,580,E,ML,.395,360,100,2635,.0536,64.1,0,0,0,0,0,0,1075,.0626,63.3,1075,.0689,64.9,485,.0292,64.2,,,,,,,,,,,,,,,
02/27/2022 19:00:00,424031,4,580,E,ML,.395,360,100,1943,.0395,63.7,0,0,0,0,0,0,870,.0505,63.2,854,.0542,64.7,219,.0136,62.3,,,,,,,,,,,,,,,
02/27/2022 20:00:00,424031,4,580,E,ML,.395,360,100,1473,.0301,68.3,0,0,0,0,0,0,678,.0396,69.8,661,.0425,67.8,134,.0083,62.7,,,,,,,,,,,,,,,
02/27/2022 21:00:00,424031,4,580,E,ML,.395,360,100,1205,.0246,68.7,0,0,0,0,0,0,513,.0289,70.9,569,.0363,68.1,123,.0085,62.4,,,,,,,,,,,,,,,
02/27/2022 22:00:00,424031,4,580,E,ML,.395,359,100,805,.0166,69.3,0,0,0,0,0,0,333,.0183,71.7,414,.0268,68.3,58,.0047,62.5,,,,,,,,,,,,,,,
02/27/2022 23:00:00,424031,4,580,E,ML,.395,360,100,445,.0092,69.4,0,0,0,0,0,0,158,.0084,71.9,253,.0168,68.8,34,.0025,63.1,,,,,,,,,,,,,,,
02/28/2022 00:00:00,424031,4,580,E,ML,.395,358,100,235,.0049,69.7,0,0,0,0,0,0,63,.0035,71.9,151,.0099,69.7,21,.0014,62.8,,,,,,,,,,,,,,,
02/28/2022 01:00:00,424031,4,580,E,ML,.395,358,100,219,.0053,69,0,0,0,0,0,0,65,.0035,71.8,142,.0113,68.2,12,.001,62.6,,,,,,,,,,,,,,,
02/28/2022 02:00:00,424031,4,580,E,ML,.395,359,100,163,.0044,68.9,0,0,0,0,0,0,42,.0022,71.9,110,.01,68.3,11,.0009,62.6,,,,,,,,,,,,,,,
02/28/2022 03:00:00,424031,4,580,E,ML,.395,360,100,205,.0058,68.7,0,0,0,0,0,0,55,.0034,71.6,125,.0118,68.7,25,.0022,62.4,,,,,,,,,,,,,,,
02/28/2022 04:00:00,424031,4,580,E,ML,.395,360,100,1286,.0352,57,0,0,.1,.4,.7,1.1,179,.0098,71.7,213,.0199,67.2,894,.0759,51.5,,,,,,,,,,,,,,,
02/28/2022 05:00:00,424031,4,580,E,ML,.395,360,100,1086,.0296,59.3,0,.1,.4,.7,1,1.2,364,.0199,71.3,380,.0293,67.3,342,.0394,39.4,,,,,,,,,,,,,,,
02/28/2022 06:00:00,424031,4,580,E,ML,.395,359,100,1677,.0529,55.5,1.7,2.5,3.1,3.5,3.9,4.3,542,.0302,70.9,598,.0425,68.3,537,.086,27.2,,,,,,,,,,,,,,,
02/28/2022 07:00:00,424031,4,580,E,ML,.395,360,100,2238,.085,49.7,6.8,8.1,9.1,9.9,10.5,11.1,605,.0336,70.8,708,.0472,70.9,925,.1742,21.3,,,,,,,,,,,,,,,
02/28/2022 08:00:00,424031,4,580,E,ML,.395,359,100,2172,.053,59.5,.3,.5,.8,1.2,1.6,2.1,627,.0349,70.7,730,.0523,66.9,815,.072,43.2,,,,,,,,,,,,,,,
02/28/2022 09:00:00,424031,4,580,E,ML,.395,360,100,1639,.0403,62.1,0,0,0,0,.1,.4,626,.0356,69.9,794,.0637,56.8,219,.0216,57.7,,,,,,,,,,,,,,,
02/28/2022 10:00:00,424031,4,580,E,ML,.395,360,100,1565,.0377,63.1,0,0,0,0,0,.3,579,.0329,71.9,761,.0602,56.7,225,.0201,62,,,,,,,,,,,,,,,
02/28/2022 11:00:00,424031,4,580,E,ML,.395,360,100,1847,.0445,62.9,0,0,0,0,.1,.4,662,.0372,72.8,918,.0731,56.4,267,.0232,61,,,,,,,,,,,,,,,
02/28/2022 12:00:00,424031,4,580,E,ML,.395,359,100,1939,.0454,63.2,0,0,0,0,0,.3,682,.0386,71.7,973,.0745,58.1,284,.0231,60.2,,,,,,,,,,,,,,,
02/28/2022 13:00:00,424031,4,580,E,ML,.395,360,100,2282,.0507,65.5,0,0,0,0,0,.1,953,.0548,71.1,988,.0716,61.5,341,.0258,60.8,,,,,,,,,,,,,,,
02/28/2022 14:00:00,424031,4,580,E,ML,.395,360,100,2736,.0577,66.2,0,0,0,0,0,0,1064,.0588,69.1,991,.0677,65.1,681,.0464,62.8,,,,,,,,,,,,,,,
02/28/2022 15:00:00,424031,4,580,E,ML,.395,360,100,3516,.0745,64.2,0,0,0,0,0,.1,1341,.0767,66.9,1168,.0796,64.9,1007,.0671,59.8,,,,,,,,,,,,,,,
02/28/2022 16:00:00,424031,4,580,E,ML,.395,360,100,3673,.0756,66,0,0,0,0,0,0,1421,.0803,67.4,1194,.0769,69,1058,.0698,60.7,,,,,,,,,,,,,,,
02/28/2022 17:00:00,424031,4,580,E,ML,.395,360,100,3839,.0802,65.1,0,0,0,0,0,0,1473,.0852,66.2,1138,.0739,68.7,1228,.0815,60.4,,,,,,,,,,,,,,,
02/28/2022 18:00:00,424031,4,580,E,ML,.395,359,100,3055,.067,62.7,0,0,0,0,0,.3,1167,.0692,64.7,999,.0697,64.6,889,.0623,58,,,,,,,,,,,,,,,
02/28/2022 19:00:00,424031,4,580,E,ML,.395,356,100,1706,.0377,65.6,0,0,0,0,0,0,676,.0397,68.8,744,.0529,64.7,286,.0205,60,,,,,,,,,,,,,,,
02/28/2022 20:00:00,424031,4,580,E,ML,.395,360,100,1090,.0229,69.1,0,0,0,0,0,0,392,.0216,72.4,532,.0358,68.7,166,.0112,62.6,,,,,,,,,,,,,,,
02/28/2022 21:00:00,424031,4,580,E,ML,.395,357,100,888,.0198,66.5,0,0,0,0,0,0,294,.0161,71.4,459,.0337,64.4,135,.0098,62.5,,,,,,,,,,,,,,,
02/28/2022 22:00:00,424031,4,580,E,ML,.395,357,100,573,.0127,68.2,0,0,0,0,0,0,171,.0094,71.6,305,.0219,68,97,.0068,62.9,,,,,,,,,,,,,,,
02/28/2022 23:00:00,424031,4,580,E,ML,.395,360,100,396,.0089,69.3,0,0,0,0,0,0,102,.0054,71.9,231,.0165,69.9,63,.0047,62.6,,,,,,,,,,,,,,,
